X,Rk,Player,Pos,Age,Tm,G,GS,MP,FG,FGA,FG.,X3P,X3PA,X3P.,X2P,X2PA,X2P.,eFG.,FT,FTA,FT.,ORB,DRB,TRB,AST,STL,BLK,TOV,PF,PS.GÃ¢..,Unnamed..0,RK,TEAM,SALARY,TS
0,1,Stephen Curry,PG,27,GSW,79,79,34.2,10.2,20.2,0.504,5.1,11.2,0.454,5.1,9,0.566,0.63,4.6,5.1,0.908,0.9,4.6,5.4,6.7,2.1,0.2,3.3,2,30.1,53,54,Golden State Warriors,11370786,0.6705578328283729
1,2,James Harden,SG,26,HOU,82,82,38.1,8.7,19.7,0.439,2.9,8,0.359,5.8,11.7,0.494,0.512,8.8,10.2,0.86,0.8,5.3,6.1,7.5,1.7,0.6,4.6,2.8,29,23,24,Houston Rockets,15756438,0.5994708119728791
2,3,Kevin Durant,SF,27,OKC,72,72,35.8,9.7,19.2,0.505,2.6,6.7,0.387,7.1,12.5,0.569,0.573,6.2,6.9,0.898,0.6,7.6,8.2,5,1,1.2,3.5,1.9,28.2,6,7,Oklahoma City Thunder,20158622,0.6341068537506745
3,4,DeMarcus Cousins,C,25,SAC,65,65,34.6,9.2,20.5,0.451,1.1,3.2,0.333,8.2,17.3,0.473,0.477,7.3,10.2,0.718,2.4,9.1,11.5,3.3,1.6,1.4,3.8,3.6,26.9,22,23,Sacramento Kings,15851950,0.538258364014727
4,5,LeBron James,SF,31,CLE,76,76,35.6,9.7,18.6,0.52,1.1,3.7,0.309,8.6,14.9,0.573,0.551,4.7,6.5,0.731,1.5,6,7.4,6.8,1.4,0.6,3.3,1.9,25.3,1,2,Cleveland Cavaliers,22970500,0.5894687791239516
5,6,Damian Lillard,PG,25,POR,75,75,35.7,8.2,19.7,0.419,3.1,8.1,0.375,5.2,11.5,0.45,0.497,5.5,6.2,0.892,0.6,3.4,4,6.8,0.9,0.4,3.2,2.2,25.1,154,155,Portland Trail Blazers,4236287,0.5595683966470484
6,7,Anthony Davis,PF,22,NOP,61,61,35.5,9.2,18.6,0.493,0.6,1.8,0.324,8.6,16.9,0.511,0.508,5.3,7,0.758,2.1,8.1,10.3,1.9,1.3,2,2,2.4,24.3,94,95,New Orleans Pelicans,7070730,0.5604243542435424
7,8,DeMar DeRozan,SG,26,TOR,78,78,35.9,7.9,17.7,0.446,0.6,1.8,0.338,7.3,15.9,0.458,0.463,7.1,8.4,0.85,0.8,3.7,4.5,4,1,0.3,2.2,2.1,23.5,65,66,Toronto Raptors,1005e4,0.5491680687979061
8,9,Russell Westbrook,PG,27,OKC,80,80,34.4,8.2,18.1,0.454,1.3,4.3,0.296,6.9,13.8,0.503,0.489,5.8,7.2,0.812,1.8,6,7.8,10.4,2,0.3,4.3,2.5,23.5,15,16,Oklahoma City Thunder,16744218,0.5524731991724656
9,10,Paul George,SF,25,IND,81,81,34.8,7.5,17.9,0.418,2.6,7,0.371,4.9,10.9,0.447,0.49,5.6,6.5,0.86,1,6,7,4.1,1.9,0.4,3.3,2.8,23.1,14,15,Indiana Pacers,17120106,0.5563583815028903
10,11,Isaiah Thomas,PG,26,BOS,82,79,32.2,7.2,16.9,0.428,2,5.7,0.359,5.2,11.2,0.462,0.488,5.8,6.6,0.871,0.6,2.4,3,6.2,1.1,0.1,2.7,2,22.2,99,100,Boston Celtics,6912869,0.5604928297313674
11,12,Klay Thompson,SG,25,GSW,80,80,33.3,8.1,17.3,0.47,3.5,8.1,0.425,4.7,9.2,0.51,0.569,2.4,2.8,0.873,0.4,3.4,3.8,2.1,0.8,0.6,1.7,1.9,22.1,26,27,Golden State Warriors,15501e3,0.5962659184113965
12,13,Carmelo Anthony,SF,31,NYK,72,72,35.1,7.9,18.2,0.434,1.5,4.3,0.339,6.4,13.8,0.463,0.474,4.6,5.6,0.829,1.4,6.4,7.7,4.2,0.9,0.5,2.4,2.5,21.8,2,3,New York Knicks,22875e3,0.5274874177313202
14,15,Kawhi Leonard,SF,24,SAS,72,72,33.1,7.7,15.1,0.506,1.8,4,0.443,5.9,11.1,0.528,0.565,4.1,4.6,0.874,1.3,5.5,6.8,2.6,1.8,1,1.5,1.8,21.2,17,18,San Antonio Spurs,16407500,0.6190142490072413
15,16,Kyle Lowry,PG,29,TOR,77,77,37,6.6,15.6,0.427,2.8,7.1,0.388,3.9,8.5,0.461,0.516,5.2,6.4,0.811,0.7,4,4.7,6.4,2.1,0.4,2.9,2.7,21.2,NA,NA,,NA,0.5755864465682016
16,17,Jimmy Butler,SG,26,CHI,67,67,36.9,7,15.4,0.454,1,3.1,0.312,6.1,12.4,0.489,0.485,5.9,7.1,0.832,1.2,4.2,5.3,4.8,1.6,0.6,2,1.9,20.9,19,20,Chicago Bulls,16407500,0.5641330166270783
17,18,Kemba Walker,PG,25,CHO,81,81,35.6,7,16.4,0.427,2.2,6,0.371,4.8,10.4,0.459,0.495,4.6,5.4,0.847,0.7,3.7,4.4,5.2,1.6,0.5,2.1,1.4,20.9,50,51,Charlotte Hornets,12e6,0.5565615679590967
18,19,C.J. McCollum,SG,24,POR,80,80,34.8,8,17.9,0.448,2.5,5.9,0.417,5.6,12,0.463,0.517,2.3,2.8,0.827,0.6,2.7,3.2,4.3,1.2,0.3,2.5,2.3,20.8,221,222,Portland Trail Blazers,2525160,0.5435918879364416
19,20,Andrew Wiggins,SF,20,MIN,81,81,35.1,7.3,16,0.459,0.7,2.3,0.3,6.6,13.6,0.486,0.481,5.3,7,0.761,1.3,2.3,3.6,2,1,0.6,2.2,2,20.7,112,113,Minnesota Timberwolves,5758680,0.5424528301886793
20,21,Brook Lopez,C,27,BRK,73,73,33.7,8.1,15.8,0.511,0,0.2,0.143,8.1,15.7,0.515,0.512,4.3,5.5,0.787,2.8,5.1,7.8,2,0.8,1.7,2.4,2.9,20.6,NA,NA,,NA,0.5653128430296378
22,23,John Wall,PG,25,WAS,77,77,36.2,7.4,17.5,0.424,1.5,4.3,0.351,5.9,13.3,0.448,0.467,3.5,4.5,0.791,0.5,4.4,4.9,10.2,1.9,0.8,4.1,2.1,19.9,21,22,Washington Wizards,15851950,0.5107802874743326
23,24,Gordon Hayward,SF,25,UTA,80,80,36.2,6.5,15,0.433,1.8,5.1,0.349,4.7,9.9,0.477,0.493,4.9,6,0.824,0.8,4.2,5,3.7,1.2,0.3,2.5,2.3,19.7,27,28,Utah Jazz,15409570,0.5583900226757369
24,25,Kyrie Irving,PG,23,CLE,53,53,31.5,7.4,16.6,0.448,1.6,4.9,0.321,5.8,11.6,0.502,0.496,3.2,3.6,0.885,0.8,2.1,3,4.7,1.1,0.3,2.3,2,19.6,16,17,Cleveland Cavaliers,16407501,0.5389353277606688
25,26,Brandon Knight,SG,24,PHO,52,50,36,7.1,17.2,0.415,2.3,6.8,0.342,4.8,10.5,0.461,0.482,3,3.5,0.852,0.7,3.2,3.9,5.1,1.2,0.4,3.4,2.4,19.6,37,38,Phoenix Suns,135e5,0.5229455709711847
26,27,Danilo Gallinari,SF,27,DEN,53,53,34.7,5.4,13.2,0.41,1.6,4.5,0.364,3.8,8.7,0.434,0.472,7.1,8.2,0.868,1,4.3,5.3,2.5,0.8,0.4,1.5,1.6,19.5,33,34,Denver Nuggets,14e6,0.5800809138505474
27,28,Chris Paul,PG,30,LAC,74,74,32.7,7,15.1,0.462,1.6,4.4,0.371,5.3,10.6,0.501,0.517,4,4.4,0.896,0.5,3.7,4.2,10,2.1,0.2,2.6,2.5,19.5,5,6,LA Clippers,21468695,0.5723174454097205
28,29,Chris Bosh,PF,31,MIA,53,53,33.5,6.8,14.5,0.467,1.5,4.2,0.365,5.2,10.3,0.508,0.52,4,5.1,0.795,0.9,6.5,7.4,2.4,0.7,0.6,1.5,1.9,19.1,4,5,Miami Heat,22192730,0.5703535594839944
29,30,Dwyane Wade,SG,34,MIA,74,73,30.5,7.3,16,0.456,0.1,0.6,0.159,7.2,15.4,0.468,0.459,4.4,5.5,0.793,1.1,3,4.1,4.6,1.1,0.6,2.7,1.6,19,8,9,Miami Heat,2e7,0.5157437567861021
30,31,Reggie Jackson,PG,25,DET,79,79,30.7,6.8,15.7,0.434,1.5,4.2,0.353,5.3,11.5,0.464,0.482,3.7,4.3,0.864,0.7,2.5,3.2,6.2,0.7,0.1,2.8,2.4,18.8,34,35,Detroit Pistons,13913044,0.5343337880854935
31,32,Dirk Nowitzki,PF,37,DAL,75,75,31.5,6.6,14.8,0.448,1.7,4.6,0.368,5,10.3,0.483,0.504,3.3,3.7,0.893,0.7,5.8,6.5,1.8,0.7,0.7,1.1,2.1,18.3,79,80,Dallas Mavericks,8333334,0.5569758948137327
32,33,Karl-Anthony Towns,C,20,MIN,82,82,32,7.6,14.1,0.542,0.4,1.1,0.341,7.3,13,0.559,0.555,2.7,3.4,0.811,2.8,7.7,10.5,2,0.7,1.7,2.2,3,18.3,114,115,Minnesota Timberwolves,5703600,0.586688894588356
33,34,Khris Middleton,SG,24,MIL,79,79,36.1,6.4,14.5,0.444,1.8,4.6,0.396,4.6,9.9,0.466,0.507,3.5,3.9,0.888,0.6,3.3,3.8,4.2,1.7,0.2,2.3,2.6,18.2,30,31,Milwaukee Bucks,147e5,0.5611741489886531
34,35,Nikola Vucevic,C,25,ORL,65,60,31.3,8.2,16.1,0.51,0,0.1,0.222,8.2,16,0.512,0.511,1.7,2.3,0.753,2.7,6.2,8.9,2.8,0.8,1.1,1.9,2.7,18.2,54,55,Orlando Magic,1125e4,0.5317905563347358
35,36,LaMarcus Aldridge,PF,30,SAS,74,74,30.6,7.2,14.1,0.513,0,0.2,0,7.2,13.9,0.521,0.513,3.5,4.1,0.858,2.4,6.2,8.5,1.5,0.5,1.1,1.3,2,18,9,10,San Antonio Spurs,19689e3,0.5658953722334004
36,37,Kobe Bryant,SF,37,LAL,66,66,28.2,6,16.9,0.358,2,7.1,0.285,4,9.8,0.41,0.417,3.5,4.3,0.826,0.6,3.1,3.7,2.8,0.9,0.2,2,1.7,17.6,0,1,Los Angeles Lakers,25e6,0.4682843763303534
37,38,Jahlil Okafor,C,20,PHI,53,48,30,7.5,14.7,0.508,0,0.1,0.167,7.5,14.6,0.511,0.509,2.5,3.7,0.686,2.3,4.7,7,1.2,0.4,1.2,2.3,2.6,17.5,144,145,Philadelphia 76ers,4582680,0.5358892699657031
38,39,Bradley Beal,SG,22,WAS,55,35,31.1,6.5,14.5,0.449,1.9,4.9,0.387,4.6,9.6,0.481,0.515,2.5,3.2,0.767,0.7,2.7,3.4,2.9,1,0.2,2,2.1,17.4,115,116,Washington Wizards,5694674,0.546894644204174
39,40,Rudy Gay,SF,29,SAC,70,70,34,6.7,14.4,0.463,1.1,3.1,0.344,5.6,11.3,0.495,0.5,2.8,3.6,0.78,1.5,5,6.5,1.7,1.4,0.7,2,2.6,17.2,47,48,Sacramento Kings,12403101,0.5380380380380381
40,41,Paul Millsap,PF,30,ATL,81,81,32.7,6.2,13.2,0.47,0.9,2.9,0.319,5.3,10.3,0.512,0.505,3.8,5,0.757,2.4,6.6,9,3.3,1.8,1.7,2.4,2.9,17.1,13,14,Atlanta Hawks,18671659,0.5551948051948052
41,42,Ryan Anderson,PF,27,NOP,66,7,30.4,6,14.1,0.427,2,5.4,0.366,4,8.7,0.466,0.498,3,3.5,0.873,2,4,6,1.1,0.6,0.4,1.4,1.7,17,NA,NA,,NA,0.5434782608695652
42,43,Giannis Antetokounmpo,PG,21,MIL,80,79,35.3,6.4,12.7,0.506,0.4,1.4,0.257,6.1,11.3,0.537,0.52,3.7,5.1,0.724,1.4,6.2,7.7,4.3,1.2,1.4,2.6,3.2,16.9,259,260,Milwaukee Bucks,1953960,0.5654443254817987
43,44,Jrue Holiday,PG,25,NOP,65,23,28.2,6.3,14.4,0.439,1.3,4,0.336,5,10.4,0.478,0.485,2.8,3.3,0.843,0.4,2.6,3,6,1.4,0.3,2.6,2.3,16.8,59,60,New Orleans Pelicans,10595507,0.5299015897047691
44,45,Marc Gasol,C,31,MEM,52,52,34.4,6.3,13.6,0.464,0,0.1,0.667,6.3,13.5,0.463,0.465,3.9,4.7,0.829,1.1,5.8,7,3.8,1,1.3,2.3,2.7,16.6,11,12,Memphis Grizzlies,19688e3,0.5297421496042891
45,46,Pau Gasol,C,35,CHI,72,72,31.8,6.5,13.8,0.469,0.3,1,0.348,6.2,12.9,0.478,0.481,3.2,4,0.792,2.2,8.9,11,4.1,0.6,2,2.3,2.1,16.5,91,92,Chicago Bulls,7448760,0.5302056555269923
46,47,Derrick Favors,PF,24,UTA,62,59,32,6.7,13.1,0.515,0,0.1,0,6.7,13,0.518,0.515,2.9,4.1,0.709,2.7,5.4,8.1,1.5,1.2,1.5,1.7,2.4,16.4,NA,NA,,NA,0.5501878690284487
47,48,Derrick Rose,PG,27,CHI,66,66,31.8,6.8,15.9,0.427,0.7,2.3,0.293,6.1,13.6,0.449,0.448,2.2,2.7,0.793,0.7,2.7,3.4,4.7,0.7,0.2,2.7,1.3,16.4,7,8,Chicago Bulls,20093064,0.4798689138576778
48,49,J.J. Redick,SG,31,LAC,75,75,28,5.6,11.7,0.48,2.7,5.6,0.475,3,6.1,0.484,0.593,2.4,2.7,0.888,0.1,1.7,1.9,1.4,0.6,0.1,1,1.8,16.3,93,94,LA Clippers,7085e3,0.6323711980136562
49,50,Andre Drummond,C,22,DET,81,81,32.9,6.8,13.1,0.521,0,0.1,0.333,6.8,13,0.522,0.522,2.6,7.2,0.355,4.9,9.9,14.8,0.8,1.5,1.4,1.9,3,16.2,187,188,Detroit Pistons,3272091,0.49791000737644453
50,51,Kevin Love,PF,27,CLE,77,77,31.5,5.3,12.7,0.419,2.1,5.7,0.36,3.3,7,0.467,0.499,3.4,4.1,0.822,1.9,8,9.9,2.4,0.8,0.5,1.8,2.1,16,10,11,Cleveland Cavaliers,19689e3,0.5515719801434087
51,52,Victor Oladipo,SG,23,ORL,72,52,33,5.9,13.5,0.438,1.4,3.9,0.348,4.5,9.6,0.475,0.489,2.8,3.4,0.83,0.7,4.1,4.8,3.9,1.6,0.8,2.1,2.4,16,129,130,Orlando Magic,5192520,0.5334755934915978
52,53,Jeff Teague,PG,27,ATL,79,78,28.5,5.5,12.5,0.439,1.4,3.5,0.4,4.1,9,0.454,0.495,3.3,3.9,0.837,0.4,2.3,2.7,5.9,1.2,0.3,2.8,2.1,15.7,86,87,Atlanta Hawks,8e6,0.5521947101857062
53,54,Jordan Clarkson,SG,23,LAL,79,79,32.3,6,13.9,0.433,1.4,4.1,0.347,4.6,9.8,0.468,0.483,2.1,2.6,0.804,1.2,2.8,4,2.4,1.1,0.1,1.7,2.1,15.5,NA,NA,,NA,0.5151555437383675
54,55,Evan Fournier,SF,23,ORL,79,71,32.5,5.4,11.8,0.462,2,4.9,0.4,3.5,6.8,0.506,0.546,2.5,3,0.836,0.4,2.4,2.8,2.7,1.2,0,1.7,2.7,15.4,233,234,Orlando Magic,2288205,0.586890243902439
55,56,Mike Conley,PG,28,MEM,56,56,31.4,5.3,12.4,0.422,1.4,3.8,0.363,3.9,8.6,0.449,0.478,3.4,4.1,0.834,0.5,2.5,2.9,6.1,1.2,0.3,1.5,1.8,15.3,70,71,Memphis Grizzlies,9588426,0.5385806814981695
56,57,Greg Monroe,C,25,MIL,79,67,29.3,6.2,11.9,0.522,0,0,0,6.2,11.9,0.522,0.522,2.9,3.9,0.74,2.8,6.1,8.8,2.3,0.9,0.8,1.6,2.1,15.3,NA,NA,,NA,0.5618390129259695
57,58,Zach Randolph,PF,34,MEM,68,53,29.6,6.3,13.3,0.475,0.1,0.4,0.231,6.3,13,0.482,0.479,2.5,3.2,0.796,2.6,5.1,7.8,2.1,0.6,0.2,1.5,2.1,15.3,69,70,Memphis Grizzlies,9638555,0.5201251019853141
58,59,Lou Williams,SG,29,LAL,67,35,28.5,4.2,10.3,0.408,1.6,4.8,0.344,2.6,5.6,0.464,0.488,5.3,6.3,0.83,0.5,2.1,2.5,2.5,0.9,0.3,1.6,1.6,15.3,NA,NA,,NA,0.5852203182374541
59,60,Avery Bradley,SG,25,BOS,76,72,33.4,6,13.4,0.447,1.9,5.4,0.361,4.1,8.1,0.505,0.52,1.3,1.6,0.78,0.6,2.3,2.9,2.1,1.5,0.3,1.4,2.2,15.2,88,89,Boston Celtics,7730337,0.5388542257515597
61,62,Eric Gordon,SG,27,NOP,45,44,32.9,5.1,12.3,0.418,2.5,6.5,0.384,2.6,5.7,0.457,0.521,2.5,2.8,0.888,0.2,2,2.2,2.7,1,0.3,1.6,2.2,15.2,25,26,New Orleans Pelicans,15514031,0.5616316878510198
62,63,Al Horford,C,29,ATL,82,82,32.1,6.5,12.8,0.505,1.1,3.1,0.344,5.4,9.7,0.557,0.547,1.3,1.6,0.798,1.8,5.5,7.3,3.2,0.8,1.5,1.3,2,15.2,NA,NA,,NA,0.5627962085308056
63,64,Thaddeus Young,PF,27,BRK,73,73,33,6.8,13.2,0.514,0.1,0.4,0.233,6.7,12.8,0.523,0.518,1.4,2.2,0.644,2.4,6.6,9,1.8,1.5,0.5,1.9,2.5,15.1,55,56,Brooklyn Nets,11235955,0.5328910220214568
64,65,Nicolas Batum,SF,27,CHO,70,70,35,5.3,12.5,0.426,2,5.7,0.348,3.3,6.8,0.492,0.506,2.3,2.7,0.849,0.8,5.3,6.1,5.8,0.9,0.6,2.9,1.6,14.9,42,43,Charlotte Hornets,13125306,0.5442723553477499
65,66,Tobias Harris,PF,23,TOT,76,74,33.1,5.5,11.7,0.469,1.1,3.1,0.335,4.4,8.6,0.518,0.514,2.7,3.2,0.831,1.3,5.4,6.7,2.2,0.9,0.5,1.4,2,14.7,20,21,Orlando Magic,16e6,0.5607262740311261
66,67,Kentavious Caldwell-Pope,SG,22,DET,76,76,36.7,5.3,12.6,0.42,1.5,4.9,0.309,3.8,7.8,0.489,0.479,2.4,3,0.811,0.9,2.8,3.7,1.8,1.4,0.2,1.4,2.2,14.5,203,204,Detroit Pistons,2891760,0.5208333333333334
67,68,Rodney Hood,SG,23,UTA,79,79,32.2,5.2,12.3,0.42,2,5.7,0.359,3.1,6.6,0.472,0.503,2.2,2.5,0.86,0.5,2.9,3.4,2.7,0.9,0.2,1.6,2.6,14.5,293,294,Utah Jazz,1348440,0.5410447761194029
68,69,Will Barton,SG,25,DEN,82,1,28.7,5.2,12,0.432,1.4,4,0.345,3.8,8,0.476,0.489,2.6,3.3,0.806,0.7,5.1,5.8,2.5,0.9,0.5,1.7,1.8,14.4,176,177,Denver Nuggets,3533333,0.5352363960749331
69,70,Kristaps Porzingis,PF,20,NYK,72,72,28.4,5.2,12.3,0.421,1.1,3.4,0.333,4.1,8.9,0.454,0.467,2.8,3.3,0.838,1.8,5.5,7.3,1.3,0.7,1.9,1.7,2.8,14.3,157,158,New York Knicks,4131720,0.5199243746364165
70,71,Jamal Crawford,SG,35,LAC,79,5,26.9,4.8,11.9,0.404,1.5,4.4,0.34,3.3,7.5,0.44,0.466,3.1,3.4,0.904,0.3,1.6,1.8,2.3,0.7,0.2,1.4,1.5,14.2,117,118,LA Clippers,5675e3,0.5300089578978799
71,72,Jae Crowder,SF,25,BOS,73,73,31.6,4.9,11.1,0.443,1.7,5,0.336,3.3,6.2,0.529,0.518,2.7,3.3,0.82,1,4.2,5.1,1.8,1.7,0.5,1.1,2.7,14.2,100,101,Boston Celtics,6796117,0.5656469088591459
72,73,Hassan Whiteside,C,26,MIA,73,43,29.1,5.7,9.3,0.606,0,0,NA,5.7,9.3,0.606,0.606,2.9,4.5,0.65,3.3,8.6,11.8,0.4,0.6,3.7,1.9,2.8,14.2,343,344,Miami Heat,981348,0.6294326241134751
73,74,Goran Dragic,PG,29,MIA,72,72,32.8,5.8,12.2,0.477,0.9,2.8,0.312,4.9,9.3,0.527,0.513,1.7,2.3,0.727,0.8,3.1,3.8,5.8,1,0.2,2.6,2.6,14.1,29,30,Miami Heat,14783e3,0.5336058128973661
74,75,Marcus Morris,SF,26,DET,80,80,35.7,5.1,11.8,0.434,1.4,3.7,0.362,3.8,8.1,0.467,0.491,2.5,3.4,0.749,1.1,3.9,5.1,2.5,0.8,0.3,1.8,2.1,14.1,NA,NA,,NA,0.5302346570397112
75,76,Jabari Parker,PF,20,MIL,76,72,31.7,5.8,11.8,0.493,0.1,0.5,0.257,5.7,11.4,0.502,0.498,2.3,3,0.768,1.6,3.6,5.2,1.7,0.9,0.4,1.5,2,14.1,131,132,Milwaukee Bucks,5152440,0.5373475609756097
76,77,Deron Williams,PG,31,DAL,65,63,32.4,4.9,11.9,0.414,1.5,4.3,0.344,3.4,7.6,0.454,0.477,2.8,3.2,0.869,0.3,2.6,2.9,5.8,0.9,0.2,2.3,2.4,14.1,125,126,Dallas Mavericks,5378974,0.5297565374211001
77,78,Darren Collison,PG,28,SAC,74,15,30,5.1,10.5,0.486,1.2,2.9,0.401,3.9,7.6,0.519,0.542,2.6,3.1,0.858,0.4,1.9,2.3,4.3,1,0.1,1.8,1.9,14,135,136,Sacramento Kings,5013559,0.5900202292650033
78,79,Draymond Green,PF,25,GSW,81,81,34.7,5,10.1,0.49,1.2,3.2,0.388,3.7,6.9,0.537,0.551,2.8,4.1,0.696,1.7,7.8,9.5,7.4,1.5,1.4,3.2,3,14,31,32,Golden State Warriors,14260870,0.5880376344086021
79,80,Zach LaVine,SG,20,MIN,82,33,28,5.3,11.7,0.452,1.5,3.9,0.389,3.8,7.8,0.482,0.516,2,2.5,0.793,0.3,2.5,2.8,3.1,0.8,0.2,1.9,2.4,14,243,244,Minnesota Timberwolves,2148360,0.546875
80,81,Devin Booker,SG,19,PHO,76,51,27.7,4.8,11.4,0.423,1.3,3.8,0.343,3.5,7.6,0.464,0.48,2.8,3.4,0.84,0.4,2.1,2.5,2.6,0.6,0.3,2.1,3,13.8,247,248,Phoenix Suns,2127840,0.5350496277915633
81,82,Monta Ellis,SG,30,IND,81,81,33.8,5.4,12.6,0.427,1.1,3.5,0.309,4.3,9.1,0.472,0.47,2,2.5,0.786,0.5,2.8,3.3,4.7,1.9,0.5,2.5,2.1,13.8,62,63,Indiana Pacers,103e5,0.5036496350364964
82,83,Dwight Howard,C,30,HOU,71,71,32.1,5.2,8.5,0.62,0,0.1,0,5.2,8.4,0.626,0.62,3.3,6.7,0.489,3.4,8.4,11.8,1.4,1,1.6,2.3,3.1,13.7,3,4,Houston Rockets,22359364,0.5983577917540182
83,84,Chandler Parsons,SF,27,DAL,61,51,29.5,5.2,10.7,0.492,1.7,4.1,0.414,3.5,6.6,0.54,0.571,1.5,2.2,0.684,0.5,4.2,4.7,2.8,0.8,0.3,1.6,1.9,13.7,28,29,Dallas Mavericks,15361500,0.5870757627699692
84,85,Marcin Gortat,C,31,WAS,75,74,30.1,5.8,10.2,0.567,0,0,0,5.8,10.2,0.567,0.567,1.9,2.8,0.705,3,6.9,9.9,1.4,0.6,1.3,1.6,2.6,13.5,57,58,Washington Wizards,11217391,0.5904478656403079
86,87,D'Angelo Russell,PG,19,LAL,80,48,28.2,4.9,12,0.41,1.6,4.6,0.351,3.3,7.3,0.447,0.478,1.8,2.4,0.737,0.6,2.8,3.4,3.3,1.2,0.2,2.5,1.8,13.2,133,134,Los Angeles Lakers,5103120,0.5055147058823529
88,89,Arron Afflalo,SG,30,NYK,71,57,33.4,5,11.3,0.443,1.3,3.4,0.382,3.7,7.9,0.469,0.5,1.5,1.8,0.84,0.3,3.4,3.7,2,0.4,0.1,1.2,2,12.8,85,86,New York Knicks,8e6,0.5292755540853457
90,91,Robert Covington,SF,25,PHI,67,49,28.4,4.1,10.6,0.385,2.5,7.2,0.353,1.6,3.4,0.452,0.504,2.1,2.6,0.791,1,5.3,6.3,1.4,1.6,0.6,2.1,3.5,12.8,337,338,Philadelphia 76ers,1e6,0.5449591280653951
92,93,Emmanuel Mudiay,PG,19,DEN,68,66,30.4,4.8,13.3,0.364,1.1,3.4,0.319,3.8,9.9,0.379,0.404,2.1,3.1,0.67,0.5,2.9,3.4,5.5,1,0.5,3.2,2.1,12.8,193,194,Denver Nuggets,3102240,0.436442989634479
93,94,Jonas Valanciunas,C,23,TOR,60,59,26,5.1,8.9,0.565,0,0,NA,5.1,8.9,0.565,0.565,2.7,3.6,0.761,3.1,6.1,9.1,0.7,0.4,1.3,1.4,2.6,12.8,142,143,Toronto Raptors,4660482,0.6104540251812286
94,95,Trevor Ariza,SF,30,HOU,81,81,35.3,4.4,10.6,0.416,2.3,6.2,0.371,2.1,4.4,0.478,0.523,1.6,2,0.783,0.8,3.7,4.5,2.3,2,0.3,1.4,2.2,12.7,81,82,Houston Rockets,8193030,0.5531358885017421
95,96,DeAndre Jordan,C,27,LAC,77,77,33.7,4.6,6.6,0.703,0,0,0,4.6,6.6,0.704,0.703,3.5,8,0.43,3.5,10.3,13.8,1.2,0.7,2.3,1.4,2.7,12.7,NA,NA,,NA,0.6274703557312253
96,97,Enes Kanter,C,23,OKC,82,1,21,5,8.8,0.576,0.1,0.3,0.476,4.9,8.5,0.579,0.583,2.4,3.1,0.797,3,5.1,8.1,0.4,0.3,0.4,1.4,2,12.7,18,19,Oklahoma City Thunder,16407500,0.6247540338449428
98,99,Serge Ibaka,PF,26,OKC,78,78,32.1,5.3,11.1,0.479,0.8,2.4,0.326,4.6,8.8,0.52,0.513,1.2,1.6,0.752,1.8,5,6.8,0.8,0.5,1.9,1.4,2.7,12.6,48,49,Oklahoma City Thunder,1225e4,0.5337173839376482
99,100,Ish Smith,PG,27,TOT,77,53,29.1,5.2,12.6,0.411,0.7,2.2,0.329,4.4,10.4,0.428,0.44,1.6,2.3,0.693,0.6,3.4,4,6.5,1.1,0.3,2.3,1.7,12.6,NA,NA,,NA,0.46282691742580073
100,101,Kenneth Faried,PF,26,DEN,67,64,25.3,5.2,9.3,0.558,0,0,0.5,5.2,9.3,0.558,0.558,2,3.3,0.613,3.5,5.2,8.7,1.2,0.5,0.9,1.4,2.5,12.5,56,57,Denver Nuggets,11235955,0.5812872023809523
101,102,Wesley Matthews,SG,29,DAL,78,78,33.9,4.2,10.9,0.388,2.4,6.7,0.36,1.8,4.2,0.432,0.498,1.6,1.9,0.863,0.3,2.7,3.1,1.9,1,0.2,1,2.3,12.5,NA,NA,,NA,0.5325494205862303
102,103,J.R. Smith,SG,30,CLE,77,77,30.7,4.6,11,0.415,2.6,6.6,0.4,1.9,4.4,0.438,0.535,0.6,0.9,0.634,0.6,2.3,2.8,1.7,1.1,0.3,0.8,2.6,12.4,NA,NA,,NA,0.544050544050544
103,104,Luol Deng,PF,30,MIA,74,73,32.4,4.6,10.1,0.455,1.2,3.5,0.344,3.4,6.6,0.513,0.514,2,2.6,0.755,1.5,4.5,6,1.9,1,0.4,1.1,1.6,12.3,63,64,Miami Heat,10151612,0.5469583778014941
104,105,Gary Harris,SG,21,DEN,76,76,32.1,4.7,10.1,0.469,1.4,3.9,0.354,3.3,6.2,0.543,0.538,1.4,1.8,0.82,0.7,2.2,2.9,1.9,1.3,0.2,1.3,1.9,12.3,276,277,Denver Nuggets,1584480,0.5646345941975762
105,106,Joe Johnson,SF,34,TOT,81,81,33.4,4.7,10.6,0.439,1.5,3.9,0.383,3.2,6.7,0.471,0.509,1.5,1.8,0.831,0.6,3,3.6,3.9,0.8,0,2,1.8,12.2,394,395,Brooklyn Nets,261894,0.5354634831460674
106,107,Mirza Teletovic,PF,30,PHO,79,1,21.3,4.2,9.8,0.427,2.3,5.8,0.393,1.9,4,0.476,0.544,1.5,2,0.774,0.7,3.1,3.8,1.1,0.4,0.3,1.1,2,12.2,123,124,Phoenix Suns,55e5,0.5711610486891384
107,108,George Hill,PG,29,IND,74,73,34.1,4.4,10,0.441,1.7,4.2,0.408,2.7,5.7,0.466,0.528,1.5,2,0.76,0.8,3.2,4,3.5,1.1,0.2,1.4,2,12.1,NA,NA,,NA,0.5560661764705882
108,109,Al Jefferson,C,31,CHO,47,18,23.3,5.2,10.7,0.485,0,0,NA,5.2,10.7,0.485,0.485,1.5,2.4,0.649,1.2,5.2,6.4,1.5,0.6,0.9,0.7,2.5,12,39,40,Charlotte Hornets,135e5,0.5103776794828173
109,110,Markieff Morris,PF,26,TOT,64,45,25.5,4.8,11.2,0.425,0.7,2.4,0.303,4,8.8,0.458,0.458,1.7,2.3,0.735,1.1,4.4,5.5,1.9,0.9,0.5,2.1,2.9,12,84,85,Washington Wizards,8e6,0.491320013101867
110,111,Tony Parker,PG,33,SAS,72,72,27.5,4.9,9.9,0.493,0.4,0.9,0.415,4.5,9,0.501,0.512,1.8,2.4,0.76,0.2,2.2,2.4,5.3,0.8,0.2,1.8,1.6,11.9,40,41,San Antonio Spurs,13437500,0.5430814165753926
111,112,Rajon Rondo,PG,29,SAC,72,72,35.2,4.9,10.9,0.454,0.9,2.4,0.365,4.1,8.5,0.479,0.494,1.2,2.1,0.58,1.1,5,6,11.7,2,0.1,3.9,2.4,11.9,71,72,Sacramento Kings,95e5,0.503213802435724
112,113,Omri Casspi,SF,27,SAC,69,21,27.2,4.3,9,0.481,1.6,4,0.409,2.7,5,0.537,0.571,1.5,2.3,0.648,0.8,5.1,5.9,1.4,0.8,0.2,1.4,2.2,11.8,210,211,Sacramento Kings,2836186,0.589292848581702
113,114,C.J. Miles,SF,28,IND,64,24,22.9,4,9.9,0.409,2.2,6,0.367,1.8,3.9,0.474,0.521,1.5,1.9,0.75,0.4,2.3,2.7,1,0.8,0.5,1.1,2.2,11.8,147,148,Indiana Pacers,4394225,0.5495529061102832
114,115,Nikola Mirotic,PF,24,CHI,66,38,24.9,3.8,9.2,0.407,2,5.2,0.39,1.7,4,0.43,0.518,2.2,2.7,0.807,0.9,4.6,5.5,1.5,0.9,0.7,1.5,2.3,11.8,121,122,Chicago Bulls,5543725,0.5679630342703119
115,116,Harrison Barnes,SF,23,GSW,66,59,30.9,4.5,9.6,0.466,1.2,3.2,0.383,3.2,6.3,0.508,0.531,1.5,2,0.761,1.2,3.8,4.9,1.8,0.6,0.2,0.9,2.1,11.7,166,167,Golden State Warriors,3873398,0.558206106870229
116,117,Jeff Green,SF,29,TOT,80,41,28.2,4.4,10.3,0.43,0.8,2.7,0.315,3.6,7.6,0.47,0.47,2.1,2.8,0.745,0.9,3.2,4.2,1.7,0.7,0.5,1.2,2.1,11.7,68,69,Memphis Grizzlies,965e4,0.5072840790842872
117,118,Jeremy Lin,SG,27,CHO,78,13,26.3,3.8,9.3,0.412,1,2.9,0.336,2.9,6.4,0.446,0.464,3.1,3.7,0.815,0.5,2.7,3.2,3,0.7,0.5,1.9,2.1,11.7,246,247,Charlotte Hornets,2139e3,0.5353221083455343
118,119,Marvin Williams,PF,29,CHO,81,81,28.9,4.2,9.2,0.452,1.9,4.7,0.402,2.3,4.6,0.504,0.554,1.5,1.8,0.833,1.6,4.9,6.4,1.4,0.7,1,0.8,1.6,11.7,95,96,Charlotte Hornets,7e6,0.5854683746997599
119,120,Kent Bazemore,SF,26,ATL,75,68,27.8,4.3,9.7,0.441,1.5,4.1,0.357,2.8,5.6,0.502,0.517,1.6,2,0.815,0.4,4.7,5.1,2.3,1.3,0.5,1.8,2.3,11.6,258,259,Atlanta Hawks,2e6,0.5482041587901701
120,121,Otto Porter,SF,22,WAS,75,73,30.3,4.5,9.6,0.473,1.3,3.6,0.367,3.2,6,0.536,0.541,1.3,1.7,0.754,1.3,3.9,5.2,1.6,1.4,0.4,0.9,2.2,11.6,NA,NA,,NA,0.5604947816003093
121,122,Michael Carter-Williams,PG,24,MIL,54,37,30.5,4.6,10.3,0.452,0.3,1,0.273,4.4,9.3,0.472,0.466,2,3,0.654,0.9,4.2,5.1,5.2,1.5,0.8,2.8,3,11.5,229,230,Milwaukee Bucks,2399040,0.4948364888123924
123,124,Julius Randle,PF,21,LAL,81,60,28.2,4.4,10.3,0.429,0.1,0.4,0.278,4.3,9.9,0.436,0.435,2.4,3.3,0.715,2.1,8.1,10.2,1.8,0.7,0.4,1.8,3,11.3,191,192,Los Angeles Lakers,3132240,0.4807692307692308
124,125,Bojan Bogdanovic,SF,26,BRK,79,39,26.8,4.1,9.5,0.433,1.6,4.3,0.382,2.5,5.2,0.474,0.519,1.4,1.7,0.833,0.5,2.8,3.2,1.3,0.4,0.1,1.5,1.5,11.2,180,181,Brooklyn Nets,3425510,0.546448087431694
126,127,Nerlens Noel,C,21,PHI,67,62,29.3,4.6,8.8,0.521,0,0,0.5,4.6,8.7,0.521,0.522,2,3.4,0.59,2.3,5.8,8.1,1.8,1.8,1.5,2.4,2.9,11.1,177,178,Philadelphia 76ers,3457800,0.5390442890442889
127,128,Isaiah Canaan,SG,24,PHI,77,39,25.5,3.4,9.4,0.36,2.3,6.3,0.363,1.1,3.1,0.354,0.482,1.9,2.3,0.833,0.3,2,2.3,1.8,0.7,0.2,1.2,1.7,11,355,356,Philadelphia 76ers,947276,0.5282366500192086
129,130,Dennis Schroder,PG,22,ATL,80,6,20.3,4.1,9.8,0.421,1,3,0.322,3.2,6.8,0.465,0.471,1.8,2.3,0.791,0.3,2.2,2.6,4.4,0.9,0.1,2.3,1.7,11,265,266,Atlanta Hawks,1763400,0.5086940436551979
130,131,T.J. Warren,SF,22,PHO,47,4,22.8,4.7,9.4,0.501,0.6,1.5,0.4,4.1,7.9,0.52,0.533,1,1.4,0.703,1.2,1.9,3.1,0.9,0.8,0.3,0.7,2,11,NA,NA,,NA,0.5491214057507987
131,132,J.J. Barea,PG,31,DAL,74,16,22.5,4.3,9.6,0.446,1.4,3.5,0.385,2.9,6.1,0.481,0.516,1,1.3,0.771,0.4,1.7,2.1,4.1,0.4,0,1.5,1.5,10.9,153,154,Dallas Mavericks,429e4,0.5357845064883995
132,133,Elfrid Payton,PG,21,ORL,73,69,29.4,4.4,10,0.436,0.4,1.3,0.326,3.9,8.7,0.451,0.456,1.5,2.6,0.589,1.1,2.5,3.6,6.4,1.2,0.3,2.4,2.2,10.7,222,223,Orlando Magic,2505720,0.48007896625987073
133,134,Trey Burke,PG,23,UTA,64,0,21.3,4.1,9.9,0.413,1.4,4,0.344,2.7,5.9,0.46,0.483,1,1.3,0.817,0.3,1.5,1.8,2.3,0.5,0.1,1.3,1.3,10.6,216,217,Utah Jazz,2658240,0.5061115355233001
134,135,Norris Cole,PG,27,NOP,45,23,26.6,4.4,10.8,0.405,0.7,2.3,0.324,3.6,8.5,0.427,0.439,1.2,1.4,0.8,0.2,3.1,3.4,3.7,0.8,0.1,1.7,2.3,10.6,195,196,New Orleans Pelicans,3036927,0.4642606867554309
135,136,Shabazz Muhammad,SF,23,MIN,82,0,20.5,3.9,8.3,0.465,0.5,1.9,0.289,3.3,6.5,0.516,0.498,2.3,3,0.764,1.2,2,3.3,0.6,0.3,0.1,0.9,1.1,10.5,251,252,Minnesota Timberwolves,2056920,0.5457380457380456
136,137,Evan Turner,SG,27,BOS,81,12,28,4.2,9.3,0.456,0.2,1,0.241,4,8.3,0.482,0.469,1.8,2.2,0.827,0.6,4.3,4.9,4.4,1,0.3,2.1,1.7,10.5,179,180,Boston Celtics,3425510,0.5112972341254383
137,138,Jerryd Bayless,SG,27,MIL,52,18,28.9,3.6,8.4,0.423,1.9,4.4,0.437,1.6,4,0.408,0.539,1.3,1.7,0.778,0.4,2.3,2.7,3.1,0.9,0.2,1.4,2.1,10.4,NA,NA,,NA,0.5684302579798863
138,139,Ersan Ilyasova,PF,28,TOT,74,56,25.4,3.8,8.9,0.424,1.3,3.5,0.371,2.5,5.4,0.458,0.496,1.5,2.1,0.721,1.9,3.5,5.4,0.9,0.7,0.4,1,2.3,10.4,87,88,Orlando Magic,79e5,0.5293159609120521
139,140,Mario Chalmers,PG,29,TOT,61,7,22.5,3,7.3,0.41,0.8,2.4,0.309,2.2,4.8,0.461,0.462,3.6,4.3,0.832,0.4,2.2,2.6,3.8,1.4,0.2,1.8,3,10.3,151,152,Memphis Grizzlies,43e5,0.5602697998259356
140,141,Allen Crabbe,SG,23,POR,81,8,26,3.8,8.4,0.459,1.4,3.5,0.393,2.5,4.9,0.506,0.541,1.2,1.4,0.867,0.3,2.3,2.7,1.2,0.8,0.2,0.8,2.4,10.3,NA,NA,,NA,0.5712067435669921
141,142,Robin Lopez,C,27,NYK,82,82,27.1,4.4,8.1,0.539,0,0,0,4.4,8.1,0.54,0.539,1.6,2,0.795,3.3,4.1,7.3,1.4,0.2,1.6,1.6,2.2,10.3,46,47,New York Knicks,1265e4,0.5734966592427617
142,143,Jared Sullinger,PF,23,BOS,81,73,23.6,4.3,10,0.435,0.4,1.3,0.282,4,8.7,0.458,0.453,1.3,2,0.64,2.4,5.9,8.3,2.3,0.9,0.6,1.3,2.6,10.3,220,221,Boston Celtics,2569260,0.4733455882352941
143,144,Myles Turner,C,19,IND,60,30,22.8,4.4,8.8,0.498,0.1,0.2,0.214,4.4,8.6,0.506,0.501,1.5,2,0.727,1.1,4.4,5.5,0.7,0.4,1.4,1.1,2.6,10.3,232,233,Indiana Pacers,2357760,0.5320247933884297
144,145,Al-Farouq Aminu,SF,25,POR,82,82,28.5,3.6,8.8,0.416,1.5,4.3,0.361,2.1,4.5,0.468,0.503,1.4,1.9,0.737,1.2,4.9,6.1,1.7,0.9,0.6,1.5,2.1,10.2,83,84,Portland Trail Blazers,8042895,0.5292652552926524
145,146,Marco Belinelli,SG,29,SAC,68,7,24.6,3.6,9.3,0.386,1.3,4.4,0.306,2.3,5,0.456,0.457,1.7,2,0.833,0.1,1.6,1.7,1.9,0.5,0,1.2,1.3,10.2,110,111,Sacramento Kings,6060606,0.5009823182711197
146,147,Gorgui Dieng,C,26,MIN,82,39,27.1,3.8,7.1,0.532,0.1,0.2,0.3,3.7,6.8,0.54,0.537,2.5,3,0.827,1.9,5.2,7.1,1.7,1.1,1.2,1.7,2.7,10.1,284,285,Minnesota Timberwolves,1474440,0.5997624703087886
147,148,Ricky Rubio,PG,25,MIN,76,76,30.6,2.9,7.7,0.374,0.8,2.5,0.326,2.1,5.2,0.396,0.427,3.5,4.1,0.847,0.5,3.8,4.3,8.7,2.1,0.1,2.5,2.6,10.1,45,46,Minnesota Timberwolves,127e5,0.5313552188552189
148,149,Matt Barnes,SF,35,MEM,76,45,28.8,3.5,9.1,0.381,1.6,4.9,0.322,1.9,4.3,0.449,0.467,1.5,1.8,0.804,1.1,4.4,5.5,2.1,1,0.8,1.6,3.1,10,175,176,Memphis Grizzlies,3542500,0.5054589567327133
149,150,Nikola Jokic,C,20,DEN,80,55,21.7,3.8,7.5,0.512,0.4,1.1,0.333,3.5,6.5,0.541,0.535,1.9,2.4,0.811,2.3,4.7,7,2.4,1,0.6,1.3,2.6,10,297,298,Denver Nuggets,13e5,0.5843852267414679
150,151,Kelly Olynyk,C,24,BOS,69,8,20.2,3.7,8.1,0.455,1.2,3,0.405,2.4,5,0.486,0.531,1.4,1.9,0.75,1,3,4.1,1.5,0.8,0.5,1.1,2.4,10,242,243,Boston Celtics,2165160,0.5595344673231871
151,152,Patrick Beverley,PG,27,HOU,71,63,28.7,3.6,8.4,0.434,1.7,4.4,0.4,1.9,4,0.472,0.539,0.8,1.2,0.682,1,2.5,3.5,3.4,1.3,0.4,1.3,3.3,9.9,104,105,Houston Rockets,6486486,0.5544354838709677
152,153,Terrence Ross,SF,24,TOR,73,7,23.9,3.7,8.6,0.431,1.8,4.6,0.386,1.9,3.9,0.484,0.536,0.7,0.8,0.79,0.3,2.2,2.5,0.8,0.7,0.3,0.6,1.6,9.9,174,175,Toronto Raptors,3553917,0.5529490616621984
153,154,Ramon Sessions,PG,29,WAS,82,5,20.3,3.4,7.2,0.473,0.4,1.4,0.324,3,5.9,0.507,0.503,2.6,3.5,0.756,0.3,2.2,2.5,2.9,0.6,0.1,1.4,1.2,9.9,238,239,Washington Wizards,2170465,0.5663615560640732
156,157,Hollis Thompson,SG,24,PHI,77,17,28,3.5,8.8,0.397,1.9,5.1,0.38,1.6,3.7,0.42,0.507,0.9,1.2,0.719,0.7,2.8,3.5,1.3,0.5,0.3,1,2.4,9.8,NA,NA,,NA,0.5253001715265866
157,158,Dion Waiters,SG,24,OKC,78,15,27.6,3.6,9.1,0.399,1.1,3.1,0.358,2.5,6,0.421,0.46,1.4,2,0.713,0.5,2.1,2.6,2,1,0.2,1.5,1.8,9.8,132,133,Oklahoma City Thunder,5138430,0.4909819639278557
158,159,Jerami Grant,SF,21,PHI,77,52,26.8,3.3,7.8,0.419,0.5,1.9,0.24,2.8,5.9,0.477,0.448,2.8,4.2,0.658,1.3,3.4,4.7,1.8,0.7,1.6,1.4,2.8,9.7,363,364,Philadelphia 76ers,845059,0.5026948590381426
159,160,Marcus Thornton,SG,28,TOT,61,8,18.2,3.5,8.9,0.399,1.5,4.4,0.337,2,4.5,0.46,0.482,1.1,1.3,0.848,0.6,1.8,2.5,1.4,0.8,0.1,0.8,1.5,9.7,403,404,Washington Wizards,200600,0.5120354729729729
160,161,Manu Ginobili,SG,38,SAS,58,0,19.6,3.4,7.5,0.453,1.2,3.1,0.391,2.2,4.4,0.496,0.533,1.6,1.9,0.813,0.4,2.1,2.5,3.1,1.1,0.2,1.7,1.7,9.6,212,213,San Antonio Spurs,2814e3,0.5758157389635317
161,162,Courtney Lee,SG,30,TOT,79,65,29.5,3.7,8.1,0.454,1,2.7,0.378,2.6,5.3,0.493,0.518,1.3,1.5,0.839,0.4,2.2,2.6,1.7,1.1,0.4,0.9,1.7,9.6,116,117,Charlotte Hornets,5675e3,0.547945205479452
162,163,Raymond Felton,PG,31,DAL,80,31,27.4,3.5,8.5,0.406,0.8,2.7,0.282,2.7,5.9,0.463,0.45,1.9,2.2,0.847,0.5,2.8,3.2,3.6,0.9,0.2,1.5,1.8,9.5,164,165,Dallas Mavericks,3950313,0.5016899028305872
163,164,Doug McDermott,SF,24,CHI,81,4,23,3.6,8,0.452,1.4,3.2,0.425,2.2,4.8,0.47,0.537,0.9,1,0.857,0.5,2,2.4,0.7,0.2,0.1,0.7,1.6,9.4,231,232,Chicago Bulls,2380440,0.556872037914692
164,165,Ian Mahinmi,C,29,IND,71,71,25.6,3.7,6.3,0.589,0,0,NA,3.7,6.3,0.589,0.589,1.9,3.2,0.587,1.9,5.2,7.1,1.5,0.9,1.1,1.4,3.1,9.3,161,162,Indiana Pacers,4e6,0.6032693305656461
165,166,Kevin Martin,SG,32,TOT,55,13,19.9,2.8,7.6,0.372,0.9,2.5,0.36,1.9,5.1,0.378,0.431,2.8,3.1,0.89,0.3,1.7,2,1.1,0.5,0.1,1,1.5,9.3,402,403,San Antonio Spurs,200600,0.5187416331994645
166,167,Derrick Williams,SF,24,NYK,80,9,17.9,3.2,7.1,0.45,0.6,1.9,0.293,2.6,5.2,0.506,0.488,2.4,3.2,0.758,0.6,3.1,3.7,0.9,0.4,0.1,0.8,0.9,9.3,NA,NA,,NA,0.5465444287729198
168,169,Aaron Gordon,PF,20,ORL,78,37,23.9,3.5,7.4,0.473,0.5,1.8,0.296,3,5.6,0.531,0.509,1.7,2.5,0.668,2,4.5,6.5,1.6,0.8,0.7,0.8,2,9.2,156,157,Orlando Magic,4171680,0.5411764705882353
169,170,Nene Hilario,PF,33,WAS,57,11,19.2,3.7,6.7,0.544,0,0.1,0,3.7,6.7,0.549,0.544,1.9,3.2,0.578,0.9,3.6,4.5,1.7,0.9,0.5,1.3,2.7,9.2,44,45,Washington Wizards,13e6,0.5673408978786383
170,171,Kyle Korver,SG,34,ATL,80,80,30,3.4,7.7,0.435,2,5,0.398,1.4,2.7,0.502,0.563,0.6,0.7,0.833,0.2,3.1,3.3,2.1,0.8,0.4,1.2,2,9.2,113,114,Atlanta Hawks,5746479,0.5744255744255743
171,172,Rudy Gobert,C,23,UTA,61,60,31.7,3.2,5.8,0.559,0,0,NA,3.2,5.8,0.559,0.559,2.6,4.6,0.569,3.4,7.5,11,1.5,0.7,2.2,1.9,2.7,9.1,311,312,Utah Jazz,1175880,0.5815439672801636
172,173,Mason Plumlee,C,25,POR,82,82,25.4,3.3,6.3,0.516,0,0,0,3.3,6.3,0.52,0.516,2.6,4.1,0.642,2.5,5.2,7.7,2.8,0.8,1,1.9,3.1,9.1,288,289,Portland Trail Blazers,1415520,0.5614511352418559
173,174,Marcus Smart,PG,21,BOS,61,10,27.3,3,8.7,0.348,1,4,0.253,2,4.7,0.427,0.405,2.1,2.7,0.777,1.2,2.9,4.2,3,1.5,0.3,1.3,3,9.1,178,179,Boston Celtics,3431040,0.4601537216828479
174,175,Alex Len,C,22,PHO,78,46,23.3,3.4,8,0.423,0,0.1,0.143,3.4,7.9,0.426,0.424,2.2,3.1,0.728,2.3,5.3,7.6,1.2,0.5,0.8,1.9,2.9,9,168,169,Phoenix Suns,3807120,0.48056386159760783
175,176,Archie Goodwin,PG,21,PHO,57,13,19.5,3.1,7.4,0.417,0.4,1.7,0.232,2.7,5.7,0.474,0.444,2.3,3.4,0.674,0.5,2,2.5,2.1,0.5,0.2,1.8,1.5,8.9,314,315,Phoenix Suns,1160160,0.5002248201438849
176,177,Gerald Green,SG,30,MIA,69,14,22.6,3.3,8.5,0.392,1.2,3.8,0.323,2.1,4.7,0.446,0.463,1,1.3,0.783,0.4,2,2.4,0.8,0.6,0.3,0.7,1.8,8.9,NA,NA,,NA,0.49052028218694893
177,178,Austin Rivers,SG,23,LAC,67,7,21.9,3.4,7.7,0.438,0.9,2.8,0.335,2.4,4.9,0.495,0.498,1.2,1.7,0.681,0.3,1.6,1.9,1.5,0.7,0.1,0.9,2,8.9,192,193,LA Clippers,3110796,0.5267518939393939
178,179,Rodney Stuckey,PG,29,IND,58,1,22,3.2,7.6,0.413,0.3,1.4,0.241,2.8,6.2,0.453,0.436,2.3,2.7,0.829,0.3,2.4,2.7,2.4,0.7,0.1,1.3,1.3,8.9,97,98,Indiana Pacers,7e6,0.5063723258989531
179,180,Jordan Hill,C,28,IND,73,11,20.7,3.8,7.5,0.506,0,0,0,3.8,7.5,0.507,0.506,1.2,1.7,0.712,2.1,4,6.2,1.2,0.5,0.5,1.3,2.1,8.8,162,163,Indiana Pacers,4e6,0.5334626576139672
180,181,Jeremy Lamb,SG,23,CHO,66,0,18.6,3.5,7.7,0.451,0.8,2.7,0.309,2.6,5,0.529,0.506,1,1.3,0.727,0.7,3.2,3.8,1.2,0.6,0.5,0.8,1.6,8.8,196,197,Charlotte Hornets,3034356,0.5319148936170213
181,182,Toney Douglas,PG,29,NOP,61,18,20.7,3,7.3,0.411,1.3,3.3,0.399,1.7,4,0.421,0.502,1.4,1.6,0.848,0.4,1.9,2.3,2.6,1.1,0.1,1,2.1,8.7,313,314,New Orleans Pelicans,1164858,0.5434782608695652
182,183,Gerald Henderson,SG,28,POR,72,0,19.9,3.2,7.3,0.439,0.7,1.9,0.353,2.6,5.5,0.468,0.484,1.6,2,0.767,0.4,2.5,2.9,1,0.5,0.3,0.9,1.2,8.7,111,112,Portland Trail Blazers,6e6,0.5317848410757946
184,185,Terrence Jones,PF,24,HOU,50,11,20.9,3.3,7.3,0.452,0.5,1.6,0.316,2.8,5.8,0.49,0.486,1.5,2.3,0.664,1.2,3,4.2,0.8,0.5,0.8,1,1.7,8.7,226,227,Houston Rockets,2489530,0.523339749759384
185,186,Luis Scola,PF,35,TOR,76,76,21.5,3.5,7.9,0.45,0.9,2.1,0.404,2.7,5.8,0.467,0.504,0.8,1.1,0.726,1.1,3.6,4.7,0.9,0.6,0.4,0.9,2.3,8.7,201,202,Toronto Raptors,29e5,0.5188454198473281
186,187,Cody Zeller,C,23,CHO,73,60,24.3,3.2,6,0.529,0,0.1,0.1,3.2,5.8,0.539,0.53,2.4,3.2,0.754,1.9,4.3,6.2,1,0.8,0.9,0.9,2.8,8.7,155,156,Charlotte Hornets,4204200,0.5872030237580993
187,188,Tim Duncan,C,39,SAS,61,60,25.2,3.5,7.2,0.488,0,0,0,3.5,7.2,0.49,0.488,1.5,2.1,0.702,1.9,5.4,7.3,2.7,0.8,1.3,1.5,2,8.6,126,127,San Antonio Spurs,525e4,0.5292959133431806
188,189,Taj Gibson,PF,30,CHI,73,55,26.5,3.6,6.8,0.526,0,0,0,3.6,6.8,0.529,0.526,1.4,2,0.692,2.8,4.1,6.9,1.5,0.6,1.1,1.1,2.5,8.6,77,78,Chicago Bulls,85e5,0.5598958333333334
189,190,Shelvin Mack,PG,25,TOT,52,27,20.3,3.5,8,0.439,0.8,2.4,0.312,2.8,5.6,0.493,0.486,0.9,1.2,0.738,0.3,2.2,2.5,3.6,0.7,0.1,1.8,1.4,8.6,228,229,Utah Jazz,2433333,0.5042213883677298
190,191,Zaza Pachulia,C,31,DAL,76,69,26.4,2.9,6.2,0.466,0,0,0,2.9,6.1,0.469,0.466,2.8,3.6,0.768,3.3,6.2,9.4,1.7,0.8,0.3,1.6,2.4,8.6,128,129,Dallas Mavericks,52e5,0.5524152106885919
191,192,Cory Joseph,SG,24,TOR,80,4,25.6,3.2,7.3,0.439,0.4,1.4,0.273,2.8,5.9,0.478,0.465,1.7,2.2,0.764,0.5,2.1,2.6,3.1,0.8,0.3,1.3,1.6,8.5,NA,NA,,NA,0.5140299951620706
192,193,Jon Leuer,PF,26,PHO,67,27,18.7,3.3,7,0.481,0.6,1.6,0.382,2.7,5.3,0.511,0.526,1.1,1.5,0.762,1.1,4.4,5.6,1.1,0.6,0.4,1.1,1.9,8.5,331,332,Phoenix Suns,1035e3,0.5548302872062663
193,194,Patrick Mills,PG,27,SAS,81,3,20.5,3.2,7.6,0.425,1.5,4,0.384,1.7,3.6,0.469,0.525,0.6,0.7,0.81,0.3,1.6,2,2.8,0.7,0.1,0.9,1.3,8.5,NA,NA,,NA,0.537430450177036
194,195,Nik Stauskas,SG,22,PHI,73,35,24.8,2.9,7.5,0.385,1.5,4.5,0.326,1.4,3,0.473,0.483,1.2,1.6,0.771,0.3,2.2,2.5,1.9,0.6,0.3,1.3,1.6,8.5,204,205,Philadelphia 76ers,2869440,0.5180399804973184
195,196,Tony Allen,SG,34,MEM,64,57,25.3,3.4,7.3,0.458,0.2,0.7,0.357,3.1,6.7,0.468,0.474,1.4,2.2,0.652,1.6,3,4.6,1.1,1.7,0.3,1.2,2.7,8.4,130,131,Memphis Grizzlies,5158539,0.5079825834542816
196,197,Meyers Leonard,PF,23,POR,61,10,21.9,3.2,7.1,0.448,1.4,3.7,0.377,1.8,3.4,0.527,0.547,0.6,0.8,0.761,0.8,4.3,5.1,1.5,0.1,0.3,1.3,3,8.4,194,195,Portland Trail Blazers,3075880,0.5636070853462158
198,199,Lance Stephenson,SF,25,TOT,69,13,19.9,3.3,6.9,0.481,0.4,1.1,0.385,2.9,5.7,0.5,0.513,1.3,1.6,0.784,0.6,2.7,3.2,1.9,0.6,0.1,1.4,2,8.3,74,75,Memphis Grizzlies,9e6,0.5457653866386113
200,201,Lance Thomas,PF,27,NYK,59,5,22.3,2.9,6.5,0.442,0.7,1.8,0.404,2.1,4.6,0.458,0.5,1.7,2,0.857,0.6,1.6,2.2,0.9,0.4,0.1,1,1.8,8.2,273,274,New York Knicks,1636842,0.5555555555555555
202,203,Stanley Johnson,SF,19,DET,73,6,23.1,3.1,8.2,0.375,0.9,2.8,0.307,2.2,5.4,0.41,0.428,1.1,1.4,0.784,0.8,3.4,4.2,1.6,0.8,0.2,1.6,2.4,8.1,208,209,Detroit Pistons,2841960,0.4593920145190563
203,204,Steven Adams,C,22,OKC,80,80,25.2,3.3,5.3,0.613,0,0,NA,3.3,5.3,0.613,0.613,1.4,2.5,0.582,2.7,3.9,6.7,0.8,0.5,1.1,1.1,2.8,8,235,236,Oklahoma City Thunder,2279040,0.625
204,205,P.J. Tucker,SF,30,PHO,82,80,31,2.9,7.1,0.411,0.8,2.5,0.33,2.1,4.6,0.455,0.469,1.3,1.7,0.746,2,4.2,6.2,2.2,1.3,0.2,1.4,2.5,8,122,123,Phoenix Suns,55e5,0.509683995922528
205,206,Jared Dudley,PF,30,WAS,81,41,25.9,2.9,6,0.478,1.2,2.9,0.42,1.6,3.1,0.534,0.581,0.9,1.2,0.735,0.7,2.9,3.5,2.1,0.9,0.2,1,2.3,7.9,149,150,Washington Wizards,4375e3,0.6050857843137255
206,207,Joffrey Lauvergne,C,24,DEN,59,15,17.6,3.3,6.4,0.513,0.2,0.9,0.245,3.1,5.5,0.557,0.53,1.1,1.2,0.899,1.3,3.6,4.9,0.9,0.2,0.3,0.9,1.9,7.9,269,270,Denver Nuggets,1709719,0.5701501154734411
207,208,David Lee,PF,32,TOT,55,5,16.4,3.2,6.1,0.531,0,0,0,3.2,6.1,0.533,0.531,1.3,1.7,0.763,1.8,3.7,5.5,1.5,0.4,0.5,1.2,2.1,7.8,250,251,Dallas Mavericks,2085671,0.5695093457943925
209,210,Ben McLemore,SG,22,SAC,68,53,21.2,2.9,6.7,0.429,1,2.7,0.362,1.9,4,0.474,0.502,1.1,1.5,0.718,0.5,1.7,2.2,1.2,0.8,0.1,1.5,2.1,7.8,189,190,Sacramento Kings,3156600,0.529891304347826
210,211,Tristan Thompson,PF,24,CLE,82,34,27.7,3,5.1,0.588,0,0,NA,3,5.1,0.588,0.588,1.8,3,0.616,3.3,5.7,9,0.8,0.5,0.6,0.7,2.5,7.8,32,33,Cleveland Cavaliers,14260870,0.6074766355140186
211,212,Wayne Ellington,SG,28,BRK,76,41,21.3,2.9,7.4,0.389,1.3,3.5,0.358,1.6,3.9,0.416,0.474,0.7,0.8,0.857,0.3,2,2.3,1.1,0.6,0.1,0.6,1.1,7.7,282,283,Brooklyn Nets,15e5,0.4966460268317853
213,214,Jose Calderon,PG,34,NYK,72,72,28.1,2.9,6.3,0.459,1.2,2.8,0.414,1.7,3.5,0.496,0.552,0.6,0.7,0.875,0.3,2.9,3.2,4.2,0.9,0.1,1.2,1.9,7.6,92,93,New York Knicks,7402812,0.5750605326876513
214,215,Langston Galloway,PG,24,NYK,82,7,24.8,2.8,7.2,0.393,0.9,2.7,0.344,1.9,4.4,0.423,0.458,1,1.4,0.754,0.5,3,3.5,2.5,0.9,0.3,0.7,2.2,7.6,369,370,New York Knicks,845059,0.4861821903787103
215,216,Devin Harris,PG,32,DAL,64,0,20,2.6,5.8,0.447,0.8,2.5,0.329,1.8,3.4,0.532,0.516,1.6,2.2,0.721,0.3,1.9,2.2,1.8,0.9,0.2,1,1.9,7.6,159,160,Dallas Mavericks,4053446,0.5614657210401891
216,217,Darrell Arthur,PF,27,DEN,70,16,21.7,3.2,7,0.452,0.6,1.7,0.385,2.5,5.3,0.473,0.498,0.6,0.8,0.755,1.2,3,4.2,1.4,0.8,0.7,0.9,2.6,7.5,214,215,Denver Nuggets,2814e3,0.5100652883569097
217,218,D.J. Augustin,PG,28,TOT,62,0,19,2.4,5.6,0.423,1.1,2.7,0.405,1.3,2.9,0.44,0.52,1.7,2.1,0.805,0.1,1.4,1.5,3.2,0.6,0.1,1.4,1.4,7.5,NA,NA,,NA,0.5748007357449417
218,219,Matthew Dellavedova,PG,25,CLE,76,14,24.6,2.7,6.7,0.405,1.3,3.1,0.41,1.4,3.6,0.401,0.501,0.8,0.9,0.864,0.4,1.7,2.1,4.4,0.6,0.1,1.5,2.3,7.5,320,321,Cleveland Cavaliers,1147276,0.5284667418263811
219,220,Frank Kaminsky,C,22,CHO,81,3,21.1,2.7,6.5,0.41,0.8,2.5,0.337,1.8,4,0.455,0.474,1.3,1.8,0.73,0.9,3.3,4.1,1.2,0.5,0.5,0.7,1.6,7.5,NA,NA,,NA,0.5142622051563357
220,221,E'Twaun Moore,SG,26,CHI,59,22,21.4,3.2,6.6,0.481,0.8,1.8,0.452,2.4,4.8,0.491,0.541,0.4,0.6,0.629,0.3,1.9,2.3,1.7,0.6,0.3,0.9,1.7,7.5,NA,NA,,NA,0.5463286713286714
221,222,JaMychal Green,PF,25,MEM,78,15,18.5,2.9,6.3,0.465,0.2,0.6,0.333,2.8,5.8,0.478,0.48,1.3,1.8,0.752,1.8,3,4.8,0.9,0.6,0.4,1.1,2.4,7.4,367,368,Memphis Grizzlies,845059,0.52171460800902425
222,223,Amir Johnson,PF,28,BOS,79,76,22.8,3.2,5.4,0.585,0.1,0.5,0.233,3,4.8,0.624,0.596,0.9,1.5,0.57,2.3,4.1,6.4,1.7,0.7,1.1,1.2,2.7,7.3,51,52,Boston Celtics,12e6,0.6023102310231022
223,224,Shane Larkin,PG,23,BRK,78,17,22.4,2.8,6.4,0.442,0.5,1.4,0.361,2.3,5.1,0.464,0.481,1.1,1.4,0.776,0.4,1.9,2.3,4.4,1.2,0.2,1.9,1.6,7.3,281,282,Brooklyn Nets,15e5,0.5202394526795895
225,226,Garrett Temple,SF,29,WAS,80,43,24.4,2.5,6.3,0.398,1.1,3.2,0.345,1.4,3.1,0.453,0.486,1.1,1.6,0.728,0.5,2.2,2.7,1.8,0.9,0.2,0.8,2.4,7.3,327,328,Washington Wizards,1100602,0.5211307824100514
226,227,Nick Young,SG,30,LAL,54,2,19.1,2.3,6.9,0.339,1.4,4.4,0.325,0.9,2.5,0.363,0.442,1.2,1.4,0.829,0.3,1.5,1.8,0.6,0.4,0.1,0.6,0.9,7.3,127,128,Los Angeles Lakers,5219169,0.4856306546035125
227,228,Brandon Bass,PF,30,LAL,66,0,20.3,2.6,4.8,0.549,0,0,0,2.6,4.8,0.552,0.549,1.9,2.2,0.845,1.6,2.7,4.3,1.1,0.5,0.8,0.6,1.9,7.2,198,199,Los Angeles Lakers,3e6,0.6241331484049931
228,229,Corey Brewer,SF,29,HOU,82,12,20.4,2.6,6.7,0.384,0.7,2.7,0.272,1.8,4,0.46,0.439,1.3,1.7,0.75,0.5,1.9,2.4,1.3,1,0.2,1,2,7.2,80,81,Houston Rockets,8229375,0.4833512352309345
229,230,Tyson Chandler,C,33,PHO,66,60,24.5,2.8,4.8,0.583,0,0,0,2.8,4.7,0.585,0.583,1.6,2.6,0.62,2.7,6.1,8.7,1,0.5,0.7,1.4,2.2,7.2,43,44,Phoenix Suns,13e6,0.6056527590847914
232,233,Danny Green,SG,28,SAS,79,79,26.1,2.7,7.1,0.376,1.5,4.4,0.332,1.2,2.7,0.448,0.48,0.4,0.6,0.739,0.6,3.2,3.8,1.8,1,0.8,0.9,1.8,7.2,66,67,San Antonio Spurs,1e7,0.4888647474198805
233,234,Jason Smith,C,29,ORL,76,2,15.5,3.2,6.6,0.485,0.1,0.2,0.25,3.2,6.4,0.493,0.489,0.7,0.9,0.806,0.7,2.2,2.9,0.8,0.4,0.9,0.8,2.1,7.2,152,153,Orlando Magic,43e5,0.5145797598627788
234,235,Aaron Brooks,PG,31,CHI,69,0,16.1,2.7,6.8,0.401,1,2.7,0.357,1.8,4.1,0.43,0.471,0.7,0.9,0.766,0.3,1.2,1.5,2.6,0.4,0.1,1.2,1.9,7.1,236,237,Chicago Bulls,225e4,0.4933296275708727
235,236,Marreese Speights,C,28,GSW,72,0,11.6,2.7,6.3,0.432,0.3,0.9,0.387,2.4,5.5,0.439,0.458,1.3,1.6,0.825,1.1,2.3,3.3,0.8,0.3,0.5,0.9,1.6,7.1,167,168,Golden State Warriors,3815e3,0.5068532267275843
236,237,David West,PF,35,SAS,78,19,18,3.1,5.7,0.545,0,0.1,0.429,3.1,5.7,0.546,0.548,0.8,1,0.788,0.9,3,4,1.8,0.6,0.7,0.9,1.8,7.1,283,284,San Antonio Spurs,1499187,0.5781758957654722
237,238,Luke Babbitt,SF,26,NOP,47,13,18,2.6,6.1,0.422,0.9,2.3,0.404,1.7,3.8,0.433,0.498,0.8,1.1,0.78,0.5,2.6,3.1,1.1,0.2,0.1,0.5,1.9,7,325,326,New Orleans Pelicans,1100602,0.531591737545565
238,239,Clint Capela,C,21,HOU,77,35,19.1,3,5.2,0.582,0,0,0,3,5.1,0.583,0.582,1,2.7,0.379,2.5,3.9,6.4,0.6,0.8,1.2,0.8,2.5,7,304,305,Houston Rockets,1242720,0.5479023168440826
239,240,Willie Cauley-Stein,C,22,SAC,66,39,21.4,2.9,5.1,0.563,0,0,0,2.9,5.1,0.567,0.563,1.2,1.9,0.648,2,3.3,5.3,0.6,0.7,1,0.7,2.2,7,181,182,Sacramento Kings,3398280,0.589622641509434
240,241,Festus Ezeli,C,26,GSW,46,13,16.7,2.7,5,0.548,0,0,NA,2.7,5,0.548,0.548,1.5,2.9,0.53,2,3.6,5.6,0.7,0.4,1.1,0.8,2,7,256,257,Golden State Warriors,2008748,0.5576800509878904
241,242,John Henson,C,25,MIL,57,1,16.8,2.9,5.1,0.564,0,0,0,2.9,5.1,0.566,0.564,1.2,2.1,0.59,1.5,2.4,3.9,0.9,0.3,1.9,1.1,2.3,7,199,200,Milwaukee Bucks,2943221,0.5810092961487384
242,243,Andre Iguodala,SF,32,GSW,65,1,26.6,2.7,5.7,0.478,0.8,2.4,0.351,1.9,3.3,0.57,0.552,0.8,1.3,0.614,0.8,3.2,4,3.4,1.1,0.3,1.2,1.6,7,52,53,Golden State Warriors,11710456,0.5580357142857143
243,244,Bobby Portis,PF,20,CHI,62,4,17.8,3,7,0.427,0.3,0.8,0.308,2.7,6.2,0.443,0.445,0.8,1.1,0.727,2,3.5,5.4,0.8,0.4,0.4,0.9,1.6,7,290,291,Chicago Bulls,1391160,0.46766435061464456
244,245,Donald Sloan,PG,28,BRK,61,33,21.6,2.5,5.7,0.44,0.6,1.6,0.384,1.9,4.1,0.462,0.494,1.3,1.7,0.75,0.3,2.6,2.8,4.4,0.5,0.1,1.3,1.2,7,NA,NA,,NA,0.542803970223325
245,246,Brandon Jennings,PG,26,TOT,48,7,18.1,2.3,6.3,0.368,1.1,3.2,0.329,1.3,3.1,0.409,0.452,1.2,1.6,0.731,0.3,1.7,2,3.5,0.6,0.1,1.2,1.2,6.9,78,79,Orlando Magic,8344497,0.4925756710451171
246,247,Wesley Johnson,SF,28,LAC,80,9,20.8,2.6,6.4,0.404,1.3,3.9,0.333,1.3,2.6,0.51,0.504,0.4,0.6,0.652,0.5,2.6,3.1,0.6,1.1,0.7,0.7,2.2,6.9,NA,NA,,NA,0.5177070828331333
247,248,Andrew Nicholson,PF,26,ORL,56,0,14.7,2.6,5.5,0.471,0.7,2,0.36,1.9,3.5,0.536,0.537,0.9,1.2,0.785,0.6,3,3.6,0.4,0.2,0.4,0.7,1.2,6.9,230,231,Orlando Magic,2380593,0.5723291307232913
248,249,Patrick Patterson,PF,26,TOR,79,0,25.6,2.6,6.2,0.414,1.3,3.7,0.362,1.2,2.5,0.49,0.521,0.4,0.4,0.853,1,3.4,4.3,1.2,0.7,0.4,0.8,1.6,6.9,108,109,Toronto Raptors,6268675,0.5410915934755333
250,251,Seth Curry,PG,25,SAC,44,9,15.7,2.3,5.1,0.455,1.1,2.5,0.45,1.2,2.6,0.46,0.567,1,1.2,0.833,0.2,1.2,1.4,1.5,0.5,0.1,0.8,0.9,6.8,NA,NA,,NA,0.6041222459132907
251,252,Kosta Koufos,C,26,SAC,78,14,19,3,5.7,0.532,0,0,NA,3,5.7,0.532,0.532,0.7,1.3,0.548,2.2,3.3,5.4,0.4,0.5,0.9,0.6,2.4,6.8,89,90,Sacramento Kings,77e5,0.5420918367346939
252,253,Andrea Bargnani,C,30,BRK,46,0,13.8,2.8,6.1,0.455,0.1,0.3,0.188,2.7,5.7,0.471,0.461,1,1.2,0.825,0.6,1.5,2.1,0.4,0.1,0.2,0.6,1.3,6.6,291,292,Brooklyn Nets,1362897,0.49788774894387444
253,254,Vince Carter,SG,39,MEM,60,3,16.8,2.2,5.7,0.388,1,2.8,0.349,1.2,2.9,0.425,0.474,1.2,1.4,0.833,0.5,1.9,2.4,0.9,0.6,0.3,0.6,1.7,6.6,158,159,Memphis Grizzlies,4088019,0.5224825839138695
254,255,Josh Richardson,SG,22,MIA,52,2,21.3,2.4,5.2,0.452,1,2.2,0.461,1.3,3,0.446,0.55,0.8,1.2,0.667,0.4,1.7,2.1,1.4,0.7,0.5,0.7,2.1,6.6,379,380,Miami Heat,525093,0.5761173184357542
255,256,Ed Davis,PF,26,POR,81,0,20.8,2.5,4.2,0.611,0,0,NA,2.5,4.2,0.611,0.611,1.4,2.5,0.559,2.8,4.6,7.4,1.1,0.7,0.9,0.8,2.5,6.5,98,99,Portland Trail Blazers,6980802,0.6132075471698112
256,257,Kris Humphries,PF,30,TOT,53,17,15.8,2.3,5.6,0.41,0.6,2,0.315,1.6,3.5,0.465,0.468,1.3,1.6,0.798,1.1,3,4.1,0.7,0.3,0.4,0.7,1.8,6.5,340,341,Washington Wizards,1e6,0.5155456852791879
258,259,Leandro Barbosa,SG,33,GSW,68,0,15.9,2.5,5.4,0.462,0.6,1.6,0.355,1.9,3.8,0.508,0.515,0.8,0.9,0.839,0.4,1.3,1.7,1.2,0.6,0.1,0.8,1.6,6.4,223,224,Golden State Warriors,25e5,0.5521048999309869
259,260,Boris Diaw,PF,33,SAS,76,4,18.2,2.7,5,0.527,0.3,0.9,0.362,2.3,4.1,0.564,0.56,0.7,1,0.737,0.8,2.3,3.1,2.3,0.3,0.3,1.3,1.3,6.4,90,91,San Antonio Spurs,75e5,0.5882352941176471
260,261,Tim Hardaway,SG,23,ATL,51,1,16.9,2.2,5.2,0.43,0.9,2.8,0.338,1.3,2.4,0.537,0.521,1,1.1,0.893,0.1,1.5,1.7,1,0.4,0.1,0.5,0.9,6.4,NA,NA,,NA,0.5629838142153413
261,262,Maurice Harkless,SF,22,POR,78,14,18.7,2.5,5.3,0.474,0.5,1.8,0.279,2,3.5,0.576,0.522,0.9,1.4,0.622,1.3,2.3,3.6,0.9,0.6,0.4,0.8,1.6,6.4,202,203,Portland Trail Blazers,2894059,0.5409060175794457
262,263,Thabo Sefolosha,SF,31,ATL,75,11,23.4,2.5,5,0.505,0.6,1.7,0.339,1.9,3.3,0.589,0.562,0.8,1.3,0.626,0.7,3.8,4.5,1.4,1.1,0.5,0.9,1.5,6.4,163,164,Atlanta Hawks,4e6,0.574300071787509
263,264,Justise Winslow,SF,19,MIA,78,8,28.6,2.5,5.9,0.422,0.4,1.5,0.276,2.1,4.4,0.471,0.457,1,1.5,0.684,1,4.1,5.2,1.5,0.9,0.3,1.2,2.4,6.4,227,228,Miami Heat,2481720,0.4878048780487805
264,265,Aron Baynes,C,29,DET,81,1,15.2,2.4,4.7,0.505,0,0,0,2.4,4.7,0.508,0.505,1.6,2,0.764,1.7,3,4.7,0.6,0.3,0.6,0.8,1.9,6.3,103,104,Detroit Pistons,65e5,0.564516129032258
265,266,Shaun Livingston,PG,30,GSW,78,3,19.5,2.6,4.9,0.536,0,0.2,0.167,2.6,4.7,0.548,0.538,1,1.2,0.86,0.5,1.6,2.2,3,0.7,0.3,1,1.8,6.3,119,120,Golden State Warriors,5543725,0.5803242446573322
266,267,Timofey Mozgov,C,29,CLE,76,48,17.4,2.7,4.7,0.565,0,0.1,0.143,2.7,4.6,0.574,0.567,0.9,1.3,0.716,1.4,3,4.4,0.4,0.3,0.8,0.9,2.1,6.3,139,140,Cleveland Cavaliers,495e4,0.5974962063732928
267,268,P.J. Hairston,SF,23,TOT,66,52,19.9,2.2,6.2,0.355,1.1,3.7,0.29,1.1,2.5,0.449,0.441,0.8,1,0.781,0.4,2.3,2.6,0.6,0.5,0.2,0.6,2.1,6.2,307,308,Charlotte Hornets,1201440,0.46686746987951805
269,270,Mike Scott,PF,27,ATL,75,0,15.3,2.3,5,0.468,0.8,2.1,0.392,1.5,2.9,0.523,0.551,0.7,0.8,0.794,0.7,2,2.7,1,0.3,0.2,0.6,1.4,6.2,185,186,Atlanta Hawks,3333333,0.5792227204783258
270,271,Dante Cunningham,SF,28,NOP,80,46,24.6,2.3,5.2,0.451,0.7,2.2,0.316,1.6,3,0.55,0.518,0.7,1,0.695,0.7,2.2,3,1,0.5,0.4,0.5,2.2,6.1,207,208,New Orleans Pelicans,285e4,0.5407801418439715
271,272,Channing Frye,PF-C,32,TOT,70,32,17.1,2.2,5,0.438,1.3,3.4,0.387,0.9,1.6,0.545,0.569,0.4,0.5,0.857,0.5,2.8,3.3,1,0.4,0.4,0.6,1.8,6.1,82,83,Orlando Magic,8193029,0.5842911877394636
272,273,Mario Hezonja,SF,20,ORL,79,9,17.9,2.3,5.3,0.433,0.8,2.4,0.349,1.4,2.9,0.504,0.513,0.6,0.7,0.907,0.4,1.9,2.2,1.4,0.5,0.2,1.2,1.6,6.1,172,173,Orlando Magic,3741480,0.5438659058487875
273,274,Trey Lyles,PF,20,UTA,80,33,17.3,2.4,5.5,0.438,0.6,1.6,0.383,1.8,3.9,0.461,0.494,0.7,1,0.695,0.7,3,3.7,0.7,0.3,0.2,0.8,1.4,6.1,237,238,Utah Jazz,2239800,0.5134680134680134
274,275,T.J. McConnell,PG,23,PHI,81,17,19.8,2.7,5.7,0.47,0.4,1.1,0.348,2.3,4.6,0.499,0.503,0.3,0.5,0.634,0.5,2.6,3.1,4.5,1.2,0.1,1.7,1.4,6.1,NA,NA,,NA,0.5152027027027026
275,276,Paul Pierce,SF,38,LAC,68,38,18.1,2.1,5.8,0.363,1.1,3.6,0.31,1,2.3,0.445,0.457,0.8,1,0.818,0.2,2.6,2.7,1,0.5,0.3,0.9,1.9,6.1,183,184,LA Clippers,3376e3,0.4887820512820512
276,277,Tyler Zeller,C,26,BOS,60,3,11.8,2.3,4.8,0.476,0,0,NA,2.3,4.8,0.476,0.476,1.5,1.8,0.815,1,1.9,3,0.5,0.2,0.4,0.8,1.6,6.1,218,219,Boston Celtics,2616975,0.5454220314735336
277,278,Alexis Ajinca,C,27,NOP,59,17,14.6,2.5,5.3,0.476,0,0,0,2.5,5.3,0.478,0.476,0.9,1.1,0.839,1.3,3.3,4.6,0.5,0.3,0.6,0.9,2.3,6,148,149,New Orleans Pelicans,4389607,0.5186721991701245
279,280,Spencer Hawes,PF,27,CHO,57,6,18.2,2.2,5.4,0.405,0.7,1.8,0.373,1.5,3.6,0.422,0.467,0.9,1.1,0.831,0.9,3.4,4.3,1.9,0.4,0.5,1,1.9,6,109,110,Charlotte Hornets,6110034,0.5098572399728076
280,281,Jonathon Simmons,SG,26,SAS,55,2,14.8,2.2,4.4,0.504,0.3,0.9,0.383,1.9,3.5,0.533,0.541,1.3,1.7,0.75,0.3,1.5,1.7,1.1,0.4,0.1,1,1.9,6,NA,NA,,NA,0.5827505827505827
281,282,Josh Smith,PF,30,TOT,55,7,16,2.3,6.3,0.364,0.7,2.6,0.287,1.6,3.7,0.417,0.423,0.7,1.2,0.552,0.9,2.6,3.5,1.6,0.6,0.9,1.4,2.1,6,NA,NA,,NA,0.4393673110720563
282,283,Trevor Booker,PF,28,UTA,79,2,20.7,2.4,4.9,0.49,0.2,0.5,0.293,2.3,4.4,0.513,0.505,0.9,1.3,0.67,2.1,3.6,5.7,1.1,0.7,0.5,1,2.1,5.9,140,141,Utah Jazz,4775e3,0.5391081871345029
283,284,Markel Brown,SG,24,BRK,62,6,15.8,2,5.2,0.394,0.6,2,0.314,1.4,3.2,0.443,0.453,1.1,1.5,0.755,0.4,1.6,2,1.5,0.6,0.2,0.9,1.5,5.9,NA,NA,,NA,0.5034129692832765
284,285,Randy Foye,SG,32,TOT,81,8,20.3,2.1,6,0.351,0.9,3.1,0.3,1.2,2.9,0.405,0.428,0.8,0.9,0.824,0.3,1.6,1.9,2,0.5,0.4,1.1,1.6,5.9,190,191,Oklahoma City Thunder,3135e3,0.46122576610381494
285,286,Roy Hibbert,C,29,LAL,81,81,23.2,2.2,5.1,0.443,0,0,0,2.2,5,0.445,0.443,1.4,1.8,0.807,1.6,3.3,4.9,1.2,0.4,1.4,0.9,3.1,5.9,24,25,Los Angeles Lakers,15592217,0.5006788866259335
287,288,Raul Neto,PG,23,UTA,81,53,18.5,2.2,5.2,0.431,0.8,2,0.395,1.4,3.2,0.453,0.507,0.6,0.9,0.743,0.2,1.3,1.5,2.1,0.8,0,1.3,1.5,5.9,357,358,Utah Jazz,9e5,0.5271622587562544
288,289,Jason Terry,SG,38,HOU,72,7,17.5,2.1,5.2,0.402,1.3,3.6,0.356,0.8,1.6,0.504,0.525,0.4,0.5,0.818,0.2,0.9,1.1,1.4,0.7,0.1,0.7,1.3,5.9,NA,NA,,NA,0.5442804428044281
290,291,Dwight Powell,PF,24,DAL,69,2,14.4,2.1,4.3,0.493,0,0.2,0.125,2.1,4.1,0.514,0.497,1.5,2.1,0.739,1.2,2.7,4,0.6,0.5,0.3,0.6,1.7,5.8,NA,NA,,NA,0.5551301684532924
291,292,Iman Shumpert,SG,25,CLE,54,5,24.4,2.1,5.6,0.374,0.8,2.7,0.295,1.3,2.9,0.447,0.444,0.7,0.9,0.784,0.6,3.2,3.8,1.7,1,0.4,1.1,2.2,5.8,75,76,Cleveland Cavaliers,8988765,0.4836557705136758
292,293,Amar'e Stoudemire,C,33,MIA,52,36,14.7,2.4,4.3,0.566,0,0,NA,2.4,4.3,0.566,0.566,1,1.3,0.746,1.3,3,4.3,0.5,0.3,0.8,0.9,1.8,5.8,NA,NA,,NA,0.5952380952380952
293,294,Ty Lawson,PG,28,TOT,66,13,21.4,2.1,5.4,0.393,0.5,1.6,0.333,1.6,3.7,0.419,0.444,0.9,1.3,0.686,0.4,1.4,1.8,3.6,0.8,0.1,1.4,1.3,5.7,400,401,Indiana Pacers,211744,0.4772270596115204
297,298,Troy Daniels,SG,24,CHO,43,0,11.1,2.1,4.3,0.476,1.4,2.8,0.484,0.7,1.5,0.462,0.634,0.1,0.2,0.556,0.2,1.2,1.3,0.5,0.3,0.1,0.6,0.9,5.6,354,355,Charlotte Hornets,947276,0.6381039197812215
299,300,Jerian Grant,PG,23,NYK,76,6,16.6,2,5.1,0.394,0.3,1.3,0.22,1.7,3.8,0.454,0.422,1.3,1.6,0.78,0.3,1.6,1.9,2.3,0.7,0.1,1.1,1.3,5.6,277,278,New York Knicks,1572360,0.48242591316333566
300,301,Richaun Holmes,PF,22,PHI,51,1,13.8,2.2,4.4,0.514,0.2,0.9,0.182,2.1,3.5,0.596,0.532,1,1.5,0.689,1.2,1.4,2.6,0.6,0.4,0.8,0.6,1.8,5.6,330,331,Philadelphia 76ers,1074169,0.5533596837944663
301,302,Anthony Morrow,SG,30,OKC,68,6,13.6,2,4.9,0.408,1.2,3,0.387,0.8,1.9,0.442,0.527,0.4,0.6,0.744,0.1,0.8,0.9,0.4,0.3,0.1,0.3,0.9,5.6,184,185,Oklahoma City Thunder,3344e3,0.5422153369481022
302,303,Norman Powell,SG,22,TOR,49,24,14.8,2,4.7,0.424,0.7,1.8,0.404,1.2,2.9,0.436,0.502,0.9,1.1,0.811,0.3,1.9,2.3,1,0.6,0.2,0.7,1.2,5.6,373,374,Toronto Raptors,65e4,0.5401234567901234
304,305,Cole Aldrich,C,27,LAC,60,5,13.3,2.2,3.8,0.596,0,0,NA,2.2,3.8,0.596,0.596,1,1.4,0.714,1.4,3.4,4.8,0.8,0.8,1.1,1.1,2.3,5.5,326,327,LA Clippers,1100602,0.6227355072463768
305,306,Bismack Biyombo,C,23,TOR,82,22,22,1.9,3.5,0.542,0,0,0,1.9,3.5,0.544,0.542,1.7,2.8,0.628,2.2,5.8,8,0.4,0.2,1.6,0.9,2.7,5.5,NA,NA,,NA,0.5811496196111581
306,307,Richard Jefferson,SF,35,CLE,74,5,17.9,1.9,4.2,0.458,0.9,2.3,0.382,1,1.9,0.554,0.564,0.8,1.2,0.667,0.2,1.5,1.7,0.8,0.4,0.2,0.6,1.7,5.5,NA,NA,,NA,0.5816412859560068
307,308,Boban Marjanovic,C,27,SAS,54,4,9.4,1.9,3.2,0.603,0,0,NA,1.9,3.2,0.603,0.603,1.6,2.1,0.763,1.4,2.2,3.6,0.4,0.2,0.4,0.5,1,5.5,308,309,San Antonio Spurs,12e5,0.6668283220174587
308,309,Larry Nance Jr.,PF,23,LAL,63,22,20.1,2.5,4.8,0.527,0,0.2,0.1,2.5,4.6,0.541,0.528,0.5,0.7,0.681,1.6,3.3,5,0.7,0.9,0.4,0.7,2,5.5,316,317,Los Angeles Lakers,1155600,0.538371182458888
309,310,Lavoy Allen,PF,26,IND,79,28,20.2,2.4,4.7,0.516,0,0,NA,2.4,4.7,0.516,0.516,0.6,0.9,0.63,2.1,3.3,5.4,1,0.3,0.5,0.9,1.9,5.4,160,161,Indiana Pacers,405e4,0.5298273155416012
310,311,Andrew Bogut,C,31,GSW,70,66,20.7,2.5,4,0.627,0,0,1,2.5,4,0.626,0.629,0.3,0.7,0.48,1.7,5.3,7,2.3,0.5,1.6,1.2,3.2,5.4,35,36,Golden State Warriors,138e5,0.626740947075209
311,312,Ronnie Price,PG,32,PHO,62,18,19.5,1.9,4.9,0.384,1.1,3.2,0.347,0.8,1.7,0.453,0.497,0.5,0.7,0.756,0.4,1.2,1.6,2.4,1.2,0.2,1.1,2.6,5.3,NA,NA,,NA,0.5088325652841782
312,313,Tony Snell,SF,24,CHI,64,33,20.3,2,5.3,0.372,0.9,2.4,0.361,1.1,2.9,0.38,0.454,0.5,0.5,0.909,0.3,2.8,3.1,1,0.3,0.3,0.8,1.6,5.3,278,279,Chicago Bulls,1535880,0.48007246376811596
313,314,Anthony Tolliver,PF,30,DET,72,5,18.6,1.8,4.6,0.386,1.4,3.8,0.36,0.4,0.8,0.5,0.533,0.4,0.7,0.617,0.5,2.6,3.2,0.7,0.4,0.2,0.4,1.2,5.3,197,198,Detroit Pistons,3e6,0.5399348003259984
314,315,Quincy Acy,PF,25,SAC,59,29,14.8,2,3.6,0.556,0.3,0.8,0.388,1.7,2.8,0.606,0.6,0.8,1.2,0.735,1.1,2.1,3.2,0.5,0.5,0.4,0.5,1.7,5.2,NA,NA,,NA,0.6298449612403101
315,316,Nemanja Bjelica,PF,27,MIN,60,0,17.9,1.8,3.9,0.468,0.8,2.1,0.384,1,1.8,0.564,0.57,0.7,0.9,0.727,0.8,2.7,3.5,1.4,0.4,0.4,0.8,2.6,5.1,165,166,Minnesota Timberwolves,3950001,0.5935754189944134
316,317,Tim Frazier,PG,25,TOT,51,2,14.5,1.9,4.5,0.419,0.3,0.9,0.333,1.6,3.5,0.442,0.454,1,1.5,0.716,0.5,1.6,2.2,3.2,0.6,0,1.3,1.4,5.1,NA,NA,,NA,0.49418604651162784
318,319,Miles Plumlee,C,27,MIL,61,14,14.3,2.3,3.8,0.601,0,0,NA,2.3,3.8,0.601,0.601,0.6,1,0.576,1.5,2.3,3.8,0.3,0.3,0.8,0.7,1.2,5.1,248,249,Milwaukee Bucks,2109294,0.6014150943396226
319,320,JaKarr Sampson,SF,22,TOT,73,40,15.9,1.9,4.3,0.442,0.2,0.9,0.222,1.7,3.5,0.496,0.464,1.1,1.7,0.656,0.6,2,2.6,0.6,0.3,0.5,1,1.9,5.1,395,396,Philadelphia 76ers,258489,0.5051505546751188
320,321,Charlie Villanueva,PF,31,DAL,62,4,10.7,2,5.3,0.382,0.8,2.8,0.273,1.3,2.5,0.503,0.454,0.4,0.4,0.917,0.4,2.1,2.5,0.4,0.3,0.2,0.5,1.1,5.1,NA,NA,,NA,0.46566837107377645
322,323,James Johnson,PF,28,TOR,57,32,16.2,2,4.2,0.475,0.4,1.2,0.303,1.6,3.1,0.54,0.517,0.7,1.2,0.574,0.5,1.7,2.2,1.2,0.5,0.6,0.9,1.5,5,225,226,Toronto Raptors,25e5,0.5287648054145516
323,324,Cameron Payne,PG,21,OKC,57,1,12.2,2,4.9,0.41,0.6,1.9,0.324,1.4,2.9,0.467,0.475,0.3,0.4,0.792,0.2,1.3,1.5,1.9,0.6,0.1,0.8,1.4,5,255,256,Oklahoma City Thunder,2021520,0.49251379038613075
325,326,Sasha Vujacic,SG,31,NYK,61,25,14.9,1.7,4.5,0.383,0.9,2.3,0.364,0.9,2.2,0.403,0.477,0.5,0.6,0.821,0.4,2,2.4,1.4,0.6,0.1,0.7,1.4,4.9,NA,NA,,NA,0.5142737195633921
327,328,Kyle O'Quinn,PF,25,NYK,65,1,11.8,2,4.2,0.476,0.1,0.3,0.227,1.9,3.8,0.498,0.485,0.7,0.9,0.767,1.2,2.7,3.8,1.1,0.3,0.8,0.9,1.6,4.8,171,172,New York Knicks,375e4,0.5221932114882506
328,329,Andre Roberson,SG,24,OKC,70,70,22.2,1.9,3.9,0.496,0.5,1.5,0.311,1.5,2.4,0.608,0.555,0.5,0.8,0.611,1.1,2.5,3.6,0.7,0.8,0.6,0.5,1.9,4.8,306,307,Oklahoma City Thunder,1210800,0.5644402634054563
331,332,Beno Udrih,PG,33,TOT,44,5,16.1,2,4.5,0.434,0.3,1,0.341,1.6,3.5,0.461,0.472,0.4,0.5,0.9,0.2,1.5,1.6,2.6,0.3,0,1.2,1.2,4.7,239,240,Memphis Grizzlies,2170465,0.49788135593220345
332,333,Kyle Anderson,SF,22,SAS,78,11,16,1.8,3.8,0.468,0.2,0.5,0.324,1.6,3.3,0.488,0.488,0.8,1.1,0.747,0.3,2.8,3.1,1.6,0.8,0.4,0.8,1.2,4.5,321,322,San Antonio Spurs,1142880,0.5252100840336135
333,334,Tyler Ennis,PG,21,MIL,46,7,14.2,1.8,4.1,0.449,0.3,0.8,0.333,1.5,3.2,0.48,0.484,0.5,0.7,0.735,0.3,1.3,1.6,2.1,0.5,0,1,1.4,4.5,271,272,Milwaukee Bucks,1662360,0.5104355716878404
334,335,Alonzo Gee,SF,28,NOP,73,38,22.4,1.8,3.5,0.518,0.2,0.8,0.283,1.6,2.7,0.59,0.551,0.6,0.9,0.667,0.8,2.5,3.4,1,0.9,0.2,0.8,2.3,4.5,295,296,New Orleans Pelicans,132e4,0.5775154004106776
335,336,Justin Holiday,SG,26,TOT,53,5,14.6,1.7,4.3,0.386,0.7,2,0.343,1,2.3,0.423,0.465,0.5,0.7,0.73,0.2,1.5,1.7,1.1,0.6,0.4,0.7,1.2,4.5,NA,NA,,NA,0.48828125000000006
336,337,Marcelo Huertas,PG,32,LAL,53,0,16.4,1.8,4.3,0.422,0.3,1.2,0.262,1.5,3.2,0.479,0.457,0.5,0.5,0.931,0.3,1.4,1.7,3.4,0.5,0.1,1.5,1.4,4.5,NA,NA,,NA,0.4977876106194691
339,340,Steve Blake,PG,35,DET,58,2,17,1.6,4.1,0.388,0.9,2.6,0.344,0.7,1.5,0.461,0.496,0.3,0.3,0.8,0.2,1.4,1.5,3.4,0.4,0.1,1.4,1.2,4.4,240,241,Detroit Pistons,2170465,0.5198487712665407
340,341,Dewayne Dedmon,C,26,ORL,58,20,12.2,1.7,3.1,0.559,0,0,NA,1.7,3.1,0.559,0.559,1,1.3,0.75,1.2,2.8,3.9,0.2,0.4,0.8,0.6,1.9,4.4,NA,NA,,NA,0.599128540305011
341,342,Jonas Jerebko,PF,28,BOS,78,0,15.1,1.5,3.7,0.413,0.6,1.4,0.398,1,2.3,0.421,0.488,0.8,1,0.782,1,2.7,3.7,0.8,0.3,0.3,0.7,1.8,4.4,138,139,Boston Celtics,5e6,0.5314009661835748
344,345,Thomas Robinson,PF,24,BRK,71,7,12.9,1.8,4.1,0.447,0,0,0,1.8,4.1,0.448,0.447,0.7,1.5,0.431,1.9,3.1,5.1,0.6,0.5,0.5,1,1.6,4.3,345,346,Brooklyn Nets,981348,0.45168067226890757
346,347,Jeff Withey,C,25,UTA,51,10,12.9,1.7,3.2,0.537,0,0,0,1.7,3.1,0.544,0.537,0.8,1.2,0.729,1.1,2.3,3.4,0.4,0.4,1,0.5,1.5,4.3,352,353,Utah Jazz,947276,0.5767167381974249
347,348,Solomon Hill,SF,24,IND,59,3,14.7,1.6,3.5,0.447,0.4,1.3,0.324,1.2,2.3,0.515,0.505,0.6,0.7,0.857,0.7,2.2,2.8,1,0.6,0.2,0.6,1.2,4.2,292,293,Indiana Pacers,1358880,0.5514705882352942
348,349,Joe Ingles,SF,28,UTA,81,2,15.3,1.5,3.6,0.426,1,2.6,0.386,0.5,1,0.531,0.565,0.2,0.2,0.722,0.2,1.6,1.9,1.2,0.7,0,0.8,1.2,4.2,252,253,Utah Jazz,205e4,0.56941431670282
351,352,Brandon Rush,SG,30,GSW,72,25,14.7,1.5,3.6,0.427,0.9,2.2,0.414,0.6,1.4,0.447,0.552,0.3,0.4,0.643,0.3,2.2,2.5,0.8,0.3,0.3,0.5,0.8,4.2,301,302,Golden State Warriors,1270964,0.5561440677966102
353,354,Chase Budinger,SF,27,TOT,66,2,14.1,1.6,3.6,0.435,0.4,1.3,0.279,1.2,2.3,0.523,0.485,0.6,0.8,0.696,0.7,1.6,2.3,1,0.5,0.2,0.7,0.9,4.1,401,402,Phoenix Suns,206192,0.5187246963562753
354,355,John Jenkins,SG,24,TOT,43,3,11.2,1.7,3.7,0.444,0.4,1.2,0.314,1.3,2.5,0.505,0.494,0.5,0.6,0.833,0.2,1.1,1.3,0.8,0.2,0,0.6,0.5,4.1,341,342,Phoenix Suns,981348,0.5171543895055498
355,356,Omer Asik,C,29,NOP,68,64,17.3,1.5,2.9,0.533,0,0,NA,1.5,2.9,0.533,0.533,0.9,1.6,0.545,1.8,4.3,6.1,0.4,0.3,0.3,0.9,1.8,4,73,74,New Orleans Pelicans,9213483,0.5549389567147613
359,360,Brian Roberts,PG,30,TOT,51,0,9.2,1.5,3.2,0.448,0.3,0.8,0.357,1.2,2.4,0.48,0.494,0.8,0.9,0.894,0.1,0.7,0.8,1.1,0.2,0,0.5,0.7,4,205,206,Charlotte Hornets,2854940,0.5561735261401557
361,362,Kevin Seraphin,C,26,NYK,48,0,11,1.8,4.3,0.41,0,0,0,1.8,4.2,0.414,0.41,0.4,0.5,0.826,0.6,2,2.6,1,0.2,0.8,0.9,1.4,3.9,213,214,New York Knicks,2814e3,0.4314159292035398
362,363,Justin Anderson,SF,22,DAL,55,9,11.8,1.3,3.2,0.406,0.4,1.5,0.265,0.9,1.7,0.533,0.469,0.8,1,0.8,0.3,2.1,2.4,0.5,0.3,0.5,0.4,0.8,3.8,287,288,Dallas Mavericks,1449e3,0.5219780219780219
363,364,Glenn Robinson,SF,22,IND,45,4,11.3,1.4,3.4,0.43,0.3,0.8,0.378,1.1,2.5,0.447,0.477,0.6,0.9,0.692,0.3,1.2,1.5,0.6,0.4,0.2,0.4,0.5,3.8,NA,NA,,NA,0.5005268703898841
368,369,James Jones,SF,35,CLE,48,0,9.6,1.2,3,0.408,0.9,2.2,0.394,0.4,0.8,0.447,0.553,0.4,0.5,0.808,0.2,0.9,1,0.3,0.2,0.2,0.3,1,3.7,NA,NA,,NA,0.5745341614906833
372,373,Shabazz Napier,PG,24,ORL,55,0,10.9,1.2,3.7,0.338,0.6,1.9,0.327,0.6,1.8,0.351,0.423,0.6,0.8,0.733,0.2,0.8,1,1.8,0.4,0,0.8,0.7,3.7,298,299,Orlando Magic,1294440,0.45656465942744323
373,374,Kelly Oubre,SF,20,WAS,63,9,10.7,1.4,3.3,0.427,0.4,1.3,0.316,1,2.1,0.492,0.486,0.5,0.8,0.633,0.4,1.7,2.1,0.2,0.3,0.1,0.5,1.6,3.7,NA,NA,,NA,0.5065717415115006
374,375,Ian Clark,SG,24,GSW,66,1,8.8,1.3,3.1,0.441,0.5,1.3,0.357,0.9,1.8,0.5,0.515,0.4,0.5,0.824,0.2,0.8,1,1,0.3,0.2,0.7,0.9,3.6,NA,NA,,NA,0.54216867469879515
376,377,Josh McRoberts,PF,28,MIA,42,1,14.2,1.3,3.5,0.372,0.3,1.2,0.245,1,2.4,0.434,0.412,0.7,1,0.7,0.5,2,2.5,1.9,0.4,0.2,0.7,1.6,3.6,120,121,Miami Heat,5543725,0.4568527918781726
378,379,Noah Vonleh,PF,20,POR,78,56,15.1,1.5,3.6,0.421,0.1,0.6,0.239,1.4,3,0.457,0.441,0.5,0.7,0.745,1.2,2.7,3.9,0.4,0.3,0.3,0.6,1.9,3.6,217,218,Portland Trail Blazers,2637720,0.46059365404298874
381,382,James Anderson,SG,26,SAC,51,15,14.1,1.3,3.5,0.376,0.5,1.7,0.267,0.9,1.8,0.478,0.441,0.4,0.6,0.759,0.3,1.4,1.7,0.8,0.4,0.3,0.8,1.1,3.5,332,333,Sacramento Kings,1015421,0.4649309245483528
386,387,Kyle Singler,SF,27,OKC,68,2,14.4,1.3,3.3,0.389,0.4,1.4,0.309,0.8,1.8,0.452,0.457,0.4,0.6,0.659,0.7,1.3,2.1,0.4,0.4,0.1,0.5,1.8,3.4,145,146,Oklahoma City Thunder,45e5,0.4769921436588103
389,390,Mike Muscala,C,24,ATL,60,0,9.4,1.3,2.5,0.5,0.2,0.7,0.308,1.1,1.9,0.566,0.539,0.5,0.7,0.795,0.6,1.3,2,0.6,0.2,0.5,0.5,1.2,3.3,NA,NA,,NA,0.5876068376068376
392,393,Luc Mbah a Moute,PF,29,LAC,75,61,17,1.3,2.8,0.454,0.2,0.5,0.325,1.1,2.2,0.485,0.486,0.4,0.8,0.526,0.8,1.5,2.3,0.4,0.6,0.3,0.5,1.3,3.1,NA,NA,,NA,0.49175126903553307
393,394,Jason Thompson,C,29,TOT,47,7,10,1.1,2.3,0.481,0.1,0.3,0.333,1,2,0.505,0.505,0.8,1.1,0.704,0.7,2.2,2.9,0.6,0.3,0.4,0.3,1.7,3.1,397,398,Toronto Raptors,245177,0.5567528735632185
394,395,Rashad Vaughn,SG,19,MIL,70,6,14.3,1.2,3.8,0.305,0.6,2.1,0.293,0.5,1.7,0.319,0.385,0.2,0.2,0.8,0.2,1.1,1.3,0.6,0.4,0.2,0.4,1,3.1,267,268,Milwaukee Bucks,1733040,0.39866255144032925
396,397,Kirk Hinrich,PG,35,TOT,46,7,13.7,1.1,2.8,0.38,0.5,1.3,0.387,0.5,1.5,0.373,0.473,0.3,0.3,0.938,0.2,1.3,1.5,1.6,0.3,0,0.7,1.4,3,206,207,Chicago Bulls,2854940,0.5115961800818554
397,398,Johnny O'Bryant,PF,22,MIL,66,4,13,1.3,3.2,0.411,0,0,1,1.3,3.2,0.409,0.414,0.4,0.6,0.675,1,1.7,2.7,0.5,0.3,0.1,0.5,1.5,3,NA,NA,,NA,0.4330254041570438
399,400,Chris Johnson,SF,25,UTA,70,2,12.2,1,2.8,0.371,0.4,1.4,0.273,0.6,1.4,0.474,0.441,0.5,0.6,0.81,0.4,1.5,1.9,0.6,0.5,0.3,0.6,1.4,2.9,344,345,Utah Jazz,981348,0.4732375979112271
401,402,Tayshaun Prince,SF,35,MIN,77,44,19,1.3,3,0.445,0.1,0.3,0.174,1.3,2.7,0.476,0.454,0.2,0.2,0.684,0.4,1.5,1.9,0.9,0.5,0.2,0.4,0.8,2.9,NA,NA,,NA,0.4695595854922279
408,409,Rasual Butler,SF,36,SAS,46,0,9.4,1.1,2.3,0.471,0.3,1.1,0.306,0.7,1.2,0.618,0.543,0.2,0.3,0.688,0.1,1.2,1.2,0.5,0.3,0.5,0.2,0.2,2.7,NA,NA,,NA,0.5550986842105263
409,410,Jared Cunningham,SG,24,TOT,44,3,9.3,0.8,2.4,0.343,0.3,0.9,0.308,0.5,1.5,0.364,0.4,0.8,1.3,0.655,0.1,0.8,0.9,0.5,0.3,0,0.5,0.9,2.7,NA,NA,,NA,0.45423956931359355
414,415,Anderson Varejao,C,33,TOT,53,0,9.4,1,2.3,0.427,0,0,0,1,2.3,0.431,0.427,0.6,0.9,0.64,0.7,2,2.7,0.7,0.3,0.2,0.4,1.3,2.6,392,393,Golden State Warriors,289755,0.48219584569732943
417,418,Adreian Payne,PF,24,MIN,52,2,9.3,1,2.8,0.366,0.2,0.6,0.281,0.8,2.2,0.389,0.397,0.3,0.5,0.654,0.4,1.8,2.1,0.6,0.3,0.2,0.7,1.5,2.5,260,261,Minnesota Timberwolves,1938840,0.4139072847682119
419,420,Pablo Prigioni,PG,38,LAC,59,3,13.9,0.9,2.5,0.374,0.5,1.6,0.295,0.5,0.9,0.519,0.469,0.1,0.1,0.875,0.6,1.3,1.9,2.2,0.9,0,0.8,1.4,2.5,347,348,LA Clippers,947726,0.4913522012578616
420,421,Sonny Weems,SG-SF,29,TOT,43,0,11.6,1,2.6,0.382,0.3,1,0.366,0.6,1.6,0.391,0.45,0.2,0.3,0.533,0.2,1.1,1.2,1.1,0.2,0,1,1.1,2.5,211,212,Phoenix Suns,2814e3,0.45754026354319177
423,424,Tyler Hansbrough,PF,30,CHO,44,0,7.8,0.7,1.6,0.451,0,0.1,0.667,0.7,1.5,0.441,0.465,0.9,1.5,0.585,0.9,1.1,2,0.2,0.3,0.2,0.3,1.3,2.4,351,352,Charlotte Hornets,947276,0.5309734513274336
433,434,Nick Collison,PF,35,OKC,59,4,11.8,0.8,1.8,0.459,0,0,0,0.8,1.8,0.467,0.459,0.4,0.6,0.697,1.2,1.7,2.9,0.9,0.3,0.3,0.8,1.8,2.1,170,171,Oklahoma City Thunder,375e4,0.5087209302325582
459,460,Mike Miller,SF,35,DEN,47,2,7.9,0.5,1.3,0.355,0.4,1.1,0.365,0.1,0.2,0.3,0.508,0,0,NA,0.1,1,1.1,0.9,0.3,0.1,0.4,1.1,1.3,NA,NA,,NA,0.5
